epoch,total_loss,tv_loss,l1_loss,pde_loss,data_loss
0,9.669981956481934,0.0,3.413133144378662,0.023651108145713806,0.9658156633377075
1,9.355230331420898,0.0,3.411133050918579,0.01918465830385685,0.9345638155937195
2,8.380403518676758,0.0,3.4088869094848633,0.016654983162879944,0.8372076153755188
3,7.239620208740234,0.0,3.406175136566162,0.015592043288052082,0.7231824398040771
4,7.934140205383301,0.0,3.4028847217559814,0.016240349039435387,0.792602002620697
5,7.283524513244629,0.0,3.3993167877197266,0.017617907375097275,0.7274715304374695
6,6.883565425872803,0.0,3.3956503868103027,0.018945196643471718,0.6874092817306519
7,6.997628211975098,0.0,3.3919451236724854,0.022696685045957565,0.6986280083656311
8,6.7161641120910645,0.0,3.388248920440674,0.02516504004597664,0.6703581809997559
9,6.734988212585449,0.0,3.38462233543396,0.03025345876812935,0.6719861626625061
10,6.690155506134033,0.0,3.3812685012817383,0.033863503485918045,0.6673223972320557
11,6.682748317718506,0.0,3.378359079360962,0.04108680784702301,0.666220486164093
12,6.560882568359375,0.0,3.3758811950683594,0.050161369144916534,0.6535801887512207
13,6.718576431274414,0.0,3.373690128326416,0.05639432743191719,0.669037938117981
14,6.52056360244751,0.0,3.37174654006958,0.06593026220798492,0.6487598419189453
15,6.011227130889893,0.0,3.370004653930664,0.08209355175495148,0.5970180630683899
16,6.484369277954102,0.0,3.368398666381836,0.09313321113586426,0.6437802910804749
17,6.1673455238342285,0.0,3.3669087886810303,0.10340690612792969,0.6115642189979553
18,6.571985721588135,0.0,3.3655130863189697,0.11401491612195969,0.6514978408813477
19,6.4247355461120605,0.0,3.364213466644287,0.12169433385133743,0.6363888382911682
20,5.813950061798096,0.0,3.362999677658081,0.1196061447262764,0.5754147171974182
21,6.619056701660156,0.0,3.3618555068969727,0.11826759576797485,0.6559922695159912
22,6.575490474700928,0.0,3.3608179092407227,0.11283088475465775,0.6519075036048889
23,6.504958152770996,0.0,3.3598413467407227,0.11092878878116608,0.6449493765830994
24,6.018214225769043,0.0,3.358919382095337,0.1024487093091011,0.5966989994049072
25,5.7550458908081055,0.0,3.3580634593963623,0.10748274624347687,0.570130467414856
26,6.593087196350098,0.0,3.357254981994629,0.09995482116937637,0.6543110013008118
27,6.124935626983643,0.0,3.356527328491211,0.09430816024541855,0.6077781915664673
28,5.488611221313477,0.0,3.355837106704712,0.09361949563026428,0.544180154800415
29,6.530679225921631,0.0,3.35514235496521,0.08485665917396545,0.6488250494003296
30,6.075047969818115,0.0,3.3545308113098145,0.07542338967323303,0.6037336587905884
31,6.004238128662109,0.0,3.3539764881134033,0.06875953078269958,0.5969858169555664
32,6.220585823059082,0.0,3.3534860610961914,0.0585346519947052,0.619131863117218
33,5.5392351150512695,0.0,3.3531525135040283,0.054895009845495224,0.5511787533760071
34,5.875561714172363,0.0,3.3529062271118164,0.046947404742240906,0.5852087736129761
35,5.647086143493652,0.0,3.3528552055358887,0.042522575706243515,0.5625824928283691
36,6.1745285987854,0.0,3.352982759475708,0.03780321031808853,0.6155626773834229
37,5.5224738121032715,0.0,3.3532137870788574,0.03568192571401596,0.5504633188247681
38,5.504438400268555,0.0,3.3535914421081543,0.0355299636721611,0.548667311668396
39,5.6754889488220215,0.0,3.354081153869629,0.03184220939874649,0.5659567713737488
40,5.28894567489624,0.0,3.3546805381774902,0.03019794262945652,0.5273846387863159
41,6.186919212341309,0.0,3.355438232421875,0.029945846647024155,0.617194652557373
42,5.732608318328857,0.0,3.356307029724121,0.028735022991895676,0.5718240737915039
43,5.8431010246276855,0.0,3.3572635650634766,0.026788463816046715,0.5829706788063049
44,5.610655307769775,0.0,3.3583145141601562,0.026871846988797188,0.5597219467163086
45,6.359201908111572,0.0,3.359419107437134,0.02808835171163082,0.6345157623291016
46,5.276112079620361,0.0,3.360586643218994,0.027770664542913437,0.5262226462364197
47,5.779643535614014,0.0,3.361788749694824,0.029017867520451546,0.5765134692192078
48,5.921350479125977,0.0,3.363037347793579,0.030166305601596832,0.5906267166137695
49,5.434281826019287,0.0,3.364311695098877,0.028427667915821075,0.54200679063797
50,5.172301292419434,0.0,3.365661144256592,0.03128453716635704,0.5156658887863159
51,5.805978298187256,0.0,3.3670494556427,0.03132810443639755,0.5790314078330994
52,6.031952857971191,0.0,3.368490695953369,0.03148679807782173,0.6016209721565247
53,5.522221565246582,0.0,3.369988441467285,0.031137125566601753,0.5506652593612671
54,5.637659072875977,0.0,3.3715319633483887,0.030505532398819923,0.5622406601905823
55,5.469111919403076,0.0,3.3731226921081543,0.03240944817662239,0.5452907085418701
56,5.499510765075684,0.0,3.3747873306274414,0.03235927224159241,0.5483331084251404
57,5.374603748321533,0.0,3.3765034675598145,0.03563246876001358,0.5356787443161011
58,5.581944465637207,0.0,3.3782455921173096,0.038538794964551926,0.556267499923706
59,5.13714599609375,0.0,3.37998104095459,0.043520715087652206,0.511538565158844
60,5.692314624786377,0.0,3.381667137145996,0.041504696011543274,0.567156195640564
61,5.3893256187438965,0.0,3.383335590362549,0.04663446918129921,0.5366008281707764
62,5.741331577301025,0.0,3.384950637817383,0.042031675577163696,0.5720316171646118
63,5.452189922332764,0.0,3.3865485191345215,0.04318387806415558,0.543059766292572
64,5.323633193969727,0.0,3.388129711151123,0.045969415456056595,0.5300648808479309
65,5.40313196182251,0.0,3.3896543979644775,0.04359141364693642,0.5381336212158203
66,5.599729537963867,0.0,3.3911824226379395,0.04702489823102951,0.5576217174530029
67,5.1371750831604,0.0,3.3927085399627686,0.04586451128125191,0.5114243030548096
68,5.604184627532959,0.0,3.3942313194274902,0.04581013694405556,0.5581279993057251
69,4.617979526519775,0.0,3.395787239074707,0.046565037220716476,0.4594697058200836
70,5.320863246917725,0.0,3.3974084854125977,0.05013429373502731,0.5295795798301697
71,5.672153949737549,0.0,3.399103879928589,0.05240199342370033,0.5645953416824341
72,5.153051853179932,0.0,3.4008874893188477,0.05448080226778984,0.5125811696052551
73,5.036709308624268,0.0,3.4027552604675293,0.054195892065763474,0.5009611248970032
74,5.649302005767822,0.0,3.4046969413757324,0.05774497613310814,0.5620429515838623
75,5.072529315948486,0.0,3.4067001342773438,0.05562291666865349,0.5044717788696289
76,5.60391092300415,0.0,3.408745050430298,0.058789048343896866,0.557451605796814
77,5.158754825592041,0.0,3.4108290672302246,0.06522262096405029,0.512614369392395
78,4.897744178771973,0.0,3.4129252433776855,0.06308701634407043,0.48662006855010986
79,5.375932693481445,0.0,3.415048122406006,0.06375633180141449,0.5344054698944092
80,4.980483531951904,0.0,3.4172024726867676,0.06678744405508041,0.49470898509025574
81,5.282092571258545,0.0,3.4194157123565674,0.061719298362731934,0.5251232981681824
82,4.9648847579956055,0.0,3.4217190742492676,0.057525165379047394,0.4936121702194214
83,4.885941982269287,0.0,3.4241137504577637,0.05922740697860718,0.48563286662101746
84,5.090683460235596,0.0,3.4266083240509033,0.05680767819285393,0.506227970123291
85,4.939192771911621,0.0,3.4292073249816895,0.05255308374762535,0.4912916123867035
86,5.003530979156494,0.0,3.431856870651245,0.05000873655080795,0.4978526532649994
87,5.018455505371094,0.0,3.4345598220825195,0.05372658744454384,0.4991592466831207
88,5.2601399421691895,0.0,3.437281847000122,0.05073496326804161,0.5234772562980652
89,5.254651069641113,0.0,3.440011501312256,0.048405762761831284,0.5230448246002197
90,5.726665019989014,0.0,3.442699909210205,0.04695118963718414,0.5703189373016357
91,4.9027419090271,0.0,3.4453346729278564,0.04895069822669029,0.4878266453742981
92,5.204379558563232,0.0,3.447927951812744,0.04620440676808357,0.5181277394294739
93,5.029081344604492,0.0,3.4505105018615723,0.04487946629524231,0.5006641149520874
94,5.044043064117432,0.0,3.453070640563965,0.04745912179350853,0.5020313858985901
95,5.526463508605957,0.0,3.4556102752685547,0.04189096763730049,0.5505517721176147
96,4.927726745605469,0.0,3.4581551551818848,0.04114164784550667,0.4907155930995941
97,5.1956257820129395,0.0,3.4606921672821045,0.0376734659075737,0.5176789164543152
98,5.211178779602051,0.0,3.4632229804992676,0.03507184237241745,0.5193642973899841
99,5.1594624519348145,0.0,3.4657716751098633,0.03284168243408203,0.5143041610717773
100,5.9173054695129395,0.0,3.4683032035827637,0.03314976394176483,0.5900730490684509
101,5.421450614929199,0.0,3.4708118438720703,0.03479607775807381,0.5404052734375
102,6.0625810623168945,0.0,3.4732868671417236,0.031101295724511147,0.6047030687332153
103,5.369894027709961,0.0,3.4757187366485596,0.03326429799199104,0.5353261828422546
104,5.739300727844238,0.0,3.4781064987182617,0.032925304025411606,0.5722838044166565
105,5.248527526855469,0.0,3.4804434776306152,0.033022381365299225,0.5232016444206238
106,5.2714924812316895,0.0,3.4827494621276855,0.027964940294623375,0.525750994682312
107,5.18019437789917,0.0,3.485016107559204,0.027092954143881798,0.5166648030281067
108,5.097520351409912,0.0,3.4872794151306152,0.027399396523833275,0.5083820819854736
109,5.013108730316162,0.0,3.4895482063293457,0.024415595456957817,0.5000900626182556
110,5.502450466156006,0.0,3.4918012619018555,0.023250974714756012,0.5490825176239014
111,4.811954021453857,0.0,3.494058609008789,0.025830253958702087,0.4799038767814636
112,4.601526737213135,0.0,3.4963274002075195,0.026562221348285675,0.4588245451450348
113,4.994832515716553,0.0,3.498584508895874,0.026956811547279358,0.49813541769981384
114,4.854480743408203,0.0,3.5008273124694824,0.02480783313512802,0.4842076599597931
115,4.880513668060303,0.0,3.5030789375305176,0.026325996965169907,0.4867350459098816
116,5.395751476287842,0.0,3.5053110122680664,0.026089129969477654,0.5382707118988037
117,5.134206771850586,0.0,3.507481575012207,0.0238235741853714,0.5122295022010803
118,4.692731857299805,0.0,3.509636878967285,0.026131950318813324,0.46796661615371704
119,4.891119003295898,0.0,3.511751651763916,0.029041429981589317,0.48765984177589417
120,4.574439525604248,0.0,3.513869285583496,0.0287378691136837,0.4560070335865021
121,5.312585830688477,0.0,3.5159499645233154,0.02742762304842472,0.5298871994018555
122,5.1722893714904785,0.0,3.5180022716522217,0.02459273673593998,0.5159993171691895
123,5.601659297943115,0.0,3.5200467109680176,0.022607209160923958,0.55903559923172
124,4.9849958419799805,0.0,3.5220699310302734,0.020625950768589973,0.4974682927131653
125,4.9366774559021,0.0,3.524108409881592,0.018656069412827492,0.49273496866226196
126,5.25521993637085,0.0,3.5261454582214355,0.01998787932097912,0.524522602558136
127,5.271005153656006,0.0,3.528190851211548,0.01993832364678383,0.5261036157608032
128,5.555642604827881,0.0,3.5302658081054688,0.02042406052350998,0.5545430779457092
129,4.907273292541504,0.0,3.5323615074157715,0.018683843314647675,0.48979315161705017
130,4.985158920288086,0.0,3.5344786643981934,0.021726563572883606,0.4974295496940613
131,5.446013927459717,0.0,3.5366251468658447,0.020327821373939514,0.5435850024223328
132,4.841293811798096,0.0,3.538766384124756,0.023062970489263535,0.4829762279987335
133,5.018370628356934,0.0,3.5409693717956543,0.02435840666294098,0.500619113445282
134,5.582347393035889,0.0,3.5431969165802,0.022398747503757477,0.5571147799491882
135,4.960076808929443,0.0,3.545450210571289,0.022105000913143158,0.4949024021625519
136,5.606806755065918,0.0,3.547719955444336,0.0233366247266531,0.5595138669013977
137,4.971160411834717,0.0,3.5500569343566895,0.021676212549209595,0.4960322380065918
138,5.459146976470947,0.0,3.5524277687072754,0.02107366919517517,0.5448610186576843
139,4.915762424468994,0.0,3.5548551082611084,0.020972097292542458,0.4905276298522949
140,4.935556411743164,0.0,3.557283401489258,0.019055688753724098,0.4926028549671173
141,5.623645305633545,0.0,3.5597474575042725,0.018698597326874733,0.5614296197891235
142,4.739874362945557,0.0,3.5621869564056396,0.018344951793551445,0.4730701744556427
143,4.971400737762451,0.0,3.5646286010742188,0.017838187515735626,0.49624812602996826
144,5.094920635223389,0.0,3.5671348571777344,0.016703477129340172,0.5086568593978882
145,5.102477073669434,0.0,3.569674253463745,0.01707673817873001,0.5093938708305359
146,5.3400726318359375,0.0,3.5722389221191406,0.014875694178044796,0.5332635045051575
147,5.491026878356934,0.0,3.574812889099121,0.013434775173664093,0.5484309792518616
148,4.809106349945068,0.0,3.5773558616638184,0.013131597079336643,0.48025405406951904
149,5.2671284675598145,0.0,3.5798938274383545,0.012950677424669266,0.5260652899742126
150,5.321197509765625,0.0,3.5824313163757324,0.012605390511453152,0.5314894914627075
151,5.4714555740356445,0.0,3.585000991821289,0.013207514770328999,0.546485185623169
152,5.052293300628662,0.0,3.587571144104004,0.0145871601998806,0.5044999718666077
153,5.116932392120361,0.0,3.5901894569396973,0.012603012844920158,0.5110630989074707
154,5.432301044464111,0.0,3.5928239822387695,0.011919802986085415,0.542634129524231
155,5.276534557342529,0.0,3.5954508781433105,0.013532613404095173,0.5269768238067627
156,5.3206610679626465,0.0,3.598113536834717,0.014897665940225124,0.5313212275505066
157,4.987174987792969,0.0,3.600816249847412,0.017774125561118126,0.49782878160476685
158,5.325271129608154,0.0,3.6035513877868652,0.020158864557743073,0.5315191745758057
159,5.298205852508545,0.0,3.606346607208252,0.022233033552765846,0.5287089347839355
160,4.981235504150391,0.0,3.6091978549957275,0.022594982758164406,0.4969937801361084
161,5.503106117248535,0.0,3.612128734588623,0.021402763202786446,0.5492404699325562
162,4.842761993408203,0.0,3.6150968074798584,0.01820836029946804,0.4833657741546631
163,4.883533477783203,0.0,3.6180765628814697,0.016550349071621895,0.4875258207321167
164,5.295516014099121,0.0,3.6210873126983643,0.016331113874912262,0.5287350416183472
165,5.003991603851318,0.0,3.6240687370300293,0.015012691728770733,0.4996485114097595
166,5.051527976989746,0.0,3.627077102661133,0.014621728099882603,0.5044217109680176
167,4.676568508148193,0.0,3.6300976276397705,0.01549961231648922,0.4668818414211273
168,4.8865065574646,0.0,3.633105754852295,0.014662380330264568,0.48791754245758057
169,5.2281575202941895,0.0,3.636125326156616,0.015498760156333447,0.5220407843589783
170,5.074244499206543,0.0,3.6391139030456543,0.015285384841263294,0.5066601634025574
171,4.933817386627197,0.0,3.642045021057129,0.015618711709976196,0.49260079860687256
172,5.142293453216553,0.0,3.6449475288391113,0.017601244151592255,0.5133492946624756
173,5.285576820373535,0.0,3.647845983505249,0.017521454021334648,0.5276815891265869
174,5.4542412757873535,0.0,3.650662422180176,0.017664732411503792,0.5445408821105957
175,5.275196075439453,0.0,3.653477907180786,0.01919030025601387,0.5265601277351379
176,5.571010112762451,0.0,3.6562952995300293,0.017913928255438805,0.5562053322792053
177,5.371923923492432,0.0,3.659092426300049,0.017420876771211624,0.5363213419914246
178,5.1798248291015625,0.0,3.6619441509246826,0.017040058970451355,0.5171304941177368
179,5.130728244781494,0.0,3.6648335456848145,0.015782423317432404,0.5122836828231812
180,5.245839595794678,0.0,3.667646646499634,0.01438424177467823,0.52386474609375
181,5.0822014808654785,0.0,3.6703245639801025,0.013330030255019665,0.5075536370277405
182,5.164276599884033,0.0,3.6728765964508057,0.01461747195571661,0.5156967639923096
183,5.401665210723877,0.0,3.6753227710723877,0.014288083650171757,0.5394521355628967
184,5.1412763595581055,0.0,3.677670478820801,0.015155416913330555,0.5133698582649231
185,5.311155319213867,0.0,3.680001735687256,0.01470173615962267,0.5303804278373718
186,5.257259845733643,0.0,3.6822800636291504,0.013851716183125973,0.5250333547592163
187,5.2234110832214355,0.0,3.6844558715820312,0.01346806064248085,0.5216677188873291
188,5.018251895904541,0.0,3.686542510986328,0.012670879252254963,0.5011916756629944
189,5.454341411590576,0.0,3.6884939670562744,0.011784774251282215,0.544844925403595
190,4.940532207489014,0.0,3.690380096435547,0.011154199950397015,0.49349549412727356
191,4.661200046539307,0.0,3.6921305656433105,0.012454498559236526,0.46549731492996216
192,5.327377796173096,0.0,3.693718910217285,0.012645186856389046,0.532105565071106
193,4.789679050445557,0.0,3.6952340602874756,0.012986448593437672,0.47831860184669495
194,5.276020050048828,0.0,3.696732997894287,0.013013847172260284,0.5269513130187988
195,4.762104511260986,0.0,3.698212146759033,0.012572793290019035,0.4755817949771881
196,5.228238105773926,0.0,3.699705123901367,0.012550807558000088,0.5221962928771973
197,5.422488212585449,0.0,3.7012643814086914,0.011998138390481472,0.5416489243507385
198,4.6782546043396,0.0,3.7027812004089355,0.01147316861897707,0.46725180745124817
199,5.496899127960205,0.0,3.704230546951294,0.011493857949972153,0.5491152405738831
200,4.818135738372803,0.0,3.7056679725646973,0.01069452241063118,0.4812788665294647
201,5.119575023651123,0.0,3.70707368850708,0.010635927319526672,0.5114256739616394
202,5.327457427978516,0.0,3.7084903717041016,0.010479439049959183,0.532221794128418
203,5.319295406341553,0.0,3.7099533081054688,0.008181317709386349,0.5315204858779907
204,5.0817551612854,0.0,3.7114017009735107,0.00842365063726902,0.5077543258666992
205,5.187898635864258,0.0,3.7127864360809326,0.008197781629860401,0.5183799862861633
206,5.314046382904053,0.0,3.714165210723877,0.007408523000776768,0.5310342311859131
207,5.266493320465088,0.0,3.715416669845581,0.007504343055188656,0.5262740850448608
208,5.413186073303223,0.0,3.7165815830230713,0.007424394134432077,0.5409473776817322
209,5.507896900177002,0.0,3.717642307281494,0.007646710611879826,0.550407350063324
210,5.213998794555664,0.0,3.7185909748077393,0.008035490289330482,0.5209981203079224
211,5.324063301086426,0.0,3.7194623947143555,0.008546983823180199,0.531978964805603
212,5.329517841339111,0.0,3.7203264236450195,0.010340584442019463,0.5324347615242004
213,4.525125980377197,0.0,3.7212724685668945,0.01078666839748621,0.4519732594490051
214,5.183444499969482,0.0,3.7222917079925537,0.010528667829930782,0.517818033695221
215,5.288961887359619,0.0,3.723379135131836,0.00959986075758934,0.5284162163734436
216,4.883388519287109,0.0,3.724358558654785,0.009918107651174068,0.48784294724464417
217,5.2640767097473145,0.0,3.725339889526367,0.009706109762191772,0.5259223580360413
218,5.353010654449463,0.0,3.7262189388275146,0.008988043293356895,0.5348516702651978
219,5.716724395751953,0.0,3.72695255279541,0.009088581427931786,0.5712180137634277
220,5.061223983764648,0.0,3.7274842262268066,0.01003257092088461,0.5056207776069641
221,5.08342981338501,0.0,3.727837324142456,0.010757779702544212,0.5078051090240479
222,5.190899848937988,0.0,3.728055953979492,0.011346477083861828,0.5185226202011108
223,5.159751892089844,0.0,3.7282140254974365,0.011515981517732143,0.5153993964195251
224,4.901796817779541,0.0,3.7283880710601807,0.012115007266402245,0.4895738959312439
225,4.733644008636475,0.0,3.7286717891693115,0.011323145590722561,0.472798228263855
226,5.106128692626953,0.0,3.729076623916626,0.011027833446860313,0.5100614428520203
227,4.7628278732299805,0.0,3.7295658588409424,0.009119800291955471,0.47582679986953735
228,5.495871067047119,0.0,3.7300026416778564,0.008317681029438972,0.5491712093353271
229,5.183495044708252,0.0,3.7303316593170166,0.007555748801678419,0.5179716944694519
230,5.2770771980285645,0.0,3.7304742336273193,0.0069032879546284676,0.5273625254631042
231,5.06611442565918,0.0,3.7304306030273438,0.006940084509551525,0.5062644481658936
232,4.96828031539917,0.0,3.7301905155181885,0.007037885021418333,0.49647611379623413
233,5.066267013549805,0.0,3.7298717498779297,0.007804953493177891,0.5062364339828491
234,4.9706621170043945,0.0,3.7295613288879395,0.008072461001574993,0.49666255712509155
235,4.879329204559326,0.0,3.729295492172241,0.0084675382822752,0.48750951886177063
236,5.0204877853393555,0.0,3.7291107177734375,0.008294203318655491,0.5016340613365173
237,5.012153625488281,0.0,3.7290070056915283,0.008553721010684967,0.5007876753807068
238,4.8372673988342285,0.0,3.728970527648926,0.008015308529138565,0.4833259582519531
239,5.028944492340088,0.0,3.7289295196533203,0.007882403209805489,0.5025003552436829
240,4.8220367431640625,0.0,3.7289278507232666,0.008001403883099556,0.4818035960197449
241,4.552956581115723,0.0,3.7289037704467773,0.007687125355005264,0.4549112915992737
242,5.045467853546143,0.0,3.7287955284118652,0.007676455192267895,0.5041629672050476
243,5.194432735443115,0.0,3.7286248207092285,0.007552615366876125,0.5190656781196594
244,4.745362281799316,0.0,3.728419780731201,0.007598864380270243,0.47415629029273987
245,5.154557228088379,0.0,3.7282114028930664,0.007589811459183693,0.5150762796401978
246,5.358883380889893,0.0,3.727914571762085,0.007249024230986834,0.535525918006897
247,5.217355251312256,0.0,3.727525234222412,0.007384678348898888,0.5213662981987
248,4.8872528076171875,0.0,3.727102756500244,0.007762536872178316,0.4883371591567993
249,5.2200703620910645,0.0,3.7266087532043457,0.007326764985918999,0.5216406583786011
250,5.030243396759033,0.0,3.7260031700134277,0.007470973767340183,0.502650797367096
251,5.425148963928223,0.0,3.725341796875,0.006784722674638033,0.5421756505966187
252,5.132887363433838,0.0,3.724618673324585,0.0071713593788445,0.512930154800415
253,4.975853443145752,0.0,3.723776340484619,0.007081382907927036,0.49723130464553833
254,5.035150527954102,0.0,3.7228877544403076,0.007146737538278103,0.5031577348709106
255,4.863697052001953,0.0,3.7219419479370117,0.0065880450420081615,0.48604029417037964
256,5.028408050537109,0.0,3.720916748046875,0.006530639715492725,0.5025142431259155
257,5.123221397399902,0.0,3.719818592071533,0.006372098345309496,0.5120035409927368
258,5.276654243469238,0.0,3.718714952468872,0.005883981008082628,0.5273712277412415
259,5.011691570281982,0.0,3.7175474166870117,0.006539803463965654,0.5008422136306763
260,4.76833963394165,0.0,3.716395854949951,0.006988329812884331,0.4764845371246338
261,5.3160271644592285,0.0,3.715271234512329,0.006440137047320604,0.5312806963920593
262,5.571013927459717,0.0,3.714198350906372,0.006689924281090498,0.5567668676376343
263,4.9475836753845215,0.0,3.7130985260009766,0.006393843330442905,0.49443870782852173
264,5.188401699066162,0.0,3.7120141983032227,0.006063562817871571,0.5185369849205017
265,4.901607513427734,0.0,3.7108869552612305,0.006552443373948336,0.48983311653137207
266,5.4443559646606445,0.0,3.709711790084839,0.006437218748033047,0.5441137552261353
267,5.337238311767578,0.0,3.708482265472412,0.006225165445357561,0.5334125757217407
268,4.640007972717285,0.0,3.7072324752807617,0.006761258002370596,0.4636627435684204
269,5.256358623504639,0.0,3.705928087234497,0.0067936936393380165,0.525296151638031
270,5.048293113708496,0.0,3.7046031951904297,0.00643598847091198,0.5045074820518494
271,5.234023571014404,0.0,3.703312635421753,0.006698498036712408,0.5230674147605896
272,4.739293575286865,0.0,3.702047824859619,0.0071405209600925446,0.47357237339019775
273,4.957328796386719,0.0,3.700895309448242,0.006271766498684883,0.49541929364204407
274,5.493613243103027,0.0,3.699793815612793,0.006230928003787994,0.5490497350692749
275,5.245919227600098,0.0,3.698840618133545,0.006480329670011997,0.5242679119110107
276,5.325156211853027,0.0,3.697939872741699,0.006198907271027565,0.5322057008743286
277,4.908651351928711,0.0,3.6970958709716797,0.006082901731133461,0.49056100845336914
278,4.942322254180908,0.0,3.6963324546813965,0.0058564236387610435,0.4939393997192383
279,4.846072196960449,0.0,3.6956441402435303,0.005996775813400745,0.4843073785305023
280,4.929412841796875,0.0,3.6950113773345947,0.005662715062499046,0.4926581382751465
281,4.8745222091674805,0.0,3.694338083267212,0.005642097909003496,0.48717013001441956
282,5.294099807739258,0.0,3.6935977935791016,0.005886987317353487,0.529115617275238
283,5.2270708084106445,0.0,3.692831039428711,0.006078209728002548,0.5224031805992126
284,5.022868633270264,0.0,3.692111015319824,0.005598039831966162,0.5020069479942322
285,4.861218452453613,0.0,3.6914925575256348,0.005981129594147205,0.48582279682159424
286,5.054032325744629,0.0,3.6909573078155518,0.004935421049594879,0.5051564574241638
287,4.650760173797607,0.0,3.690453052520752,0.005501891486346722,0.46480095386505127
288,5.112309455871582,0.0,3.6899313926696777,0.005185949150472879,0.5109716653823853
289,5.0537872314453125,0.0,3.689401388168335,0.005306330509483814,0.505113422870636
290,4.660858631134033,0.0,3.688905715942383,0.005329004023224115,0.46581941843032837
291,4.8179426193237305,0.0,3.688430070877075,0.004942186176776886,0.48154717683792114
292,5.312355995178223,0.0,3.6879379749298096,0.005151847843080759,0.5309780240058899
293,5.075506687164307,0.0,3.6874451637268066,0.005221248138695955,0.5072895884513855
294,5.2595977783203125,0.0,3.6869287490844727,0.0050363438203930855,0.5257079601287842
295,4.987377166748047,0.0,3.686492919921875,0.005073955748230219,0.4984840154647827
296,5.317061424255371,0.0,3.6861515045166016,0.004836518317461014,0.5314643383026123
297,5.188933372497559,0.0,3.6859121322631836,0.004854906816035509,0.5186505913734436
298,5.210484981536865,0.0,3.6858131885528564,0.005026727449148893,0.5207971334457397
299,5.1995086669921875,0.0,3.6858229637145996,0.005340749863535166,0.519683837890625
300,4.985330104827881,0.0,3.6859471797943115,0.0050680553540587425,0.4982796013355255
301,5.480271339416504,0.0,3.6861484050750732,0.005448923911899328,0.5477546453475952
302,5.380851745605469,0.0,3.6863675117492676,0.005498920567333698,0.537810206413269
303,5.062260150909424,0.0,3.686674118041992,0.005454628262668848,0.5059532523155212
304,4.927012920379639,0.0,3.687008857727051,0.005354014225304127,0.4924335777759552
305,4.9311723709106445,0.0,3.687364101409912,0.005881958175450563,0.49282312393188477
306,4.989804267883301,0.0,3.6876771450042725,0.005620847921818495,0.4986993670463562
307,5.31500768661499,0.0,3.687976121902466,0.006064924877136946,0.5311974883079529
308,5.0848236083984375,0.0,3.688267707824707,0.006351422518491745,0.5081647634506226
309,5.008170127868652,0.0,3.68854022026062,0.0068220035172998905,0.5004759430885315
310,5.240695476531982,0.0,3.6887824535369873,0.00701536750420928,0.5237187743186951
311,4.936151504516602,0.0,3.6889514923095703,0.007376419380307198,0.49324631690979004
312,4.668183326721191,0.0,3.689112424850464,0.007342688739299774,0.4664512276649475
313,5.149385452270508,0.0,3.689300060272217,0.007543425541371107,0.5145613551139832
314,5.238409996032715,0.0,3.689528703689575,0.007741371635347605,0.523453950881958
315,5.527253150939941,0.0,3.689790725708008,0.006938662379980087,0.5523783564567566
316,4.818451881408691,0.0,3.6900157928466797,0.006489947438240051,0.48152071237564087
317,5.121623516082764,0.0,3.6901650428771973,0.00665837898850441,0.5118294358253479
318,5.2391276359558105,0.0,3.6901400089263916,0.005910603329539299,0.5236172080039978
319,5.315115451812744,0.0,3.6898880004882812,0.006957024801522493,0.5311636924743652
320,5.21306848526001,0.0,3.689331531524658,0.006139618810266256,0.5209998488426208
321,4.9343581199646,0.0,3.688612937927246,0.005764987785369158,0.4931475818157196
322,4.979922771453857,0.0,3.6877174377441406,0.006509479135274887,0.4976668059825897
323,4.981255531311035,0.0,3.6867339611053467,0.005990890320390463,0.4978260099887848
324,4.996433734893799,0.0,3.6856937408447266,0.006226366851478815,0.4993320405483246
325,5.515337944030762,0.0,3.684666395187378,0.006141351535916328,0.5512267351150513
326,4.623704433441162,0.0,3.6836609840393066,0.006405909080058336,0.4620501399040222
327,5.279157638549805,0.0,3.6827526092529297,0.006248511839658022,0.5276033282279968
328,4.926944732666016,0.0,3.6818535327911377,0.006319670006632805,0.49237847328186035
329,4.842016220092773,0.0,3.6809959411621094,0.006426360923796892,0.48388028144836426
330,4.725362777709961,0.0,3.6800851821899414,0.006449039094150066,0.47221386432647705
331,5.199768543243408,0.0,3.679050922393799,0.006218389607965946,0.5196659564971924
332,5.276099681854248,0.0,3.6779072284698486,0.006463306490331888,0.5272868275642395
333,4.919475555419922,0.0,3.676637887954712,0.0067673856392502785,0.4916091859340668
334,4.83996057510376,0.0,3.675320625305176,0.006478850729763508,0.4836720824241638
335,4.826473712921143,0.0,3.673961639404297,0.006766233593225479,0.4823090732097626
336,5.455432891845703,0.0,3.6725733280181885,0.006277728360146284,0.5452293753623962
337,5.0545220375061035,0.0,3.6711630821228027,0.00591763760894537,0.5051563382148743
338,5.021746635437012,0.0,3.66977596282959,0.005946032702922821,0.5018773674964905
339,4.967442512512207,0.0,3.6684234142303467,0.00657799793407321,0.49641531705856323
340,5.314793109893799,0.0,3.667078971862793,0.006107506807893515,0.5311739444732666
341,4.602714538574219,0.0,3.665722370147705,0.006006201729178429,0.4599711298942566
342,4.904928684234619,0.0,3.664337396621704,0.006242335308343172,0.49018073081970215
343,4.798779010772705,0.0,3.662916660308838,0.006513539236038923,0.4795522093772888
344,5.1540937423706055,0.0,3.6614303588867188,0.006595990154892206,0.5150796175003052
345,5.17240047454834,0.0,3.659909725189209,0.006734868977218866,0.516903281211853
346,4.833789348602295,0.0,3.6583216190338135,0.007105073891580105,0.4830237030982971
347,4.858447551727295,0.0,3.656693458557129,0.006887208670377731,0.48550039529800415
348,5.0214457511901855,0.0,3.6550331115722656,0.007122990675270557,0.5017884373664856
349,4.8983540534973145,0.0,3.653383731842041,0.0074187456630170345,0.48946449160575867
350,5.303503036499023,0.0,3.651750326156616,0.006932828109711409,0.5300036668777466
351,5.1620192527771,0.0,3.650202989578247,0.006749586667865515,0.5158644914627075
352,4.895857334136963,0.0,3.6487390995025635,0.006151870358735323,0.4892781376838684
353,5.191617965698242,0.0,3.647331476211548,0.006171158980578184,0.5188532471656799
354,5.139817714691162,0.0,3.645944356918335,0.00689636031165719,0.5136369466781616
355,5.071987152099609,0.0,3.644686222076416,0.006624610163271427,0.506867527961731
356,4.907914161682129,0.0,3.6435322761535645,0.00660602655261755,0.4904611110687256
357,5.155082702636719,0.0,3.6424736976623535,0.0067371646873652935,0.5151714086532593
358,4.813425064086914,0.0,3.6414895057678223,0.006506144534796476,0.48101720213890076
359,5.031024932861328,0.0,3.6406116485595703,0.0064656720496714115,0.5027791857719421
360,5.065497875213623,0.0,3.639763355255127,0.006338796578347683,0.5062328577041626
361,4.992214202880859,0.0,3.6390490531921387,0.0063109188340604305,0.49890589714050293
362,5.209173679351807,0.0,3.63844895362854,0.006508332211524248,0.5205919742584229
363,5.137073993682861,0.0,3.6379237174987793,0.0056400056928396225,0.5134254097938538
364,4.8165788650512695,0.0,3.637467384338379,0.005979123990982771,0.48135891556739807
365,5.284207820892334,0.0,3.637092113494873,0.006090038456022739,0.5281162858009338
366,5.336445331573486,0.0,3.636760711669922,0.006019590422511101,0.5333435535430908
367,5.085630416870117,0.0,3.6365554332733154,0.005689588375389576,0.5082785487174988
368,5.397634506225586,0.0,3.636432409286499,0.00587612995877862,0.5394695997238159
369,5.044979095458984,0.0,3.636368751525879,0.0064234924502670765,0.5041767358779907
370,4.868914604187012,0.0,3.6363425254821777,0.006172139197587967,0.48658284544944763
371,5.349303722381592,0.0,3.6362733840942383,0.006648206617683172,0.5345979928970337
372,5.136812686920166,0.0,3.636049270629883,0.00639587314799428,0.5133614540100098
373,5.305147647857666,0.0,3.635746955871582,0.0068316347897052765,0.5301731824874878
374,5.01411771774292,0.0,3.63539457321167,0.006750158965587616,0.5010742545127869
375,4.875681400299072,0.0,3.6349005699157715,0.006661908235400915,0.48723503947257996
376,5.331718921661377,0.0,3.6343765258789062,0.007003444712609053,0.5328217148780823
377,4.997957706451416,0.0,3.633791923522949,0.006952627096325159,0.49944815039634705
378,4.816500663757324,0.0,3.6331558227539062,0.007154966238886118,0.4812922775745392
379,5.070968151092529,0.0,3.632481575012207,0.007749913726001978,0.5067093372344971
380,5.159794330596924,0.0,3.6317615509033203,0.007738981395959854,0.5155924558639526
381,4.964605808258057,0.0,3.63106107711792,0.007604948244988918,0.4960803687572479
382,4.789703845977783,0.0,3.630397319793701,0.008639590814709663,0.4785383939743042
383,5.05372428894043,0.0,3.6298203468322754,0.008404136635363102,0.5049522519111633
384,5.445705413818359,0.0,3.6293978691101074,0.008711056783795357,0.5441349744796753
385,5.125853538513184,0.0,3.6291451454162598,0.008476843126118183,0.5121614933013916
386,4.86838960647583,0.0,3.6290340423583984,0.008709743618965149,0.4864034652709961
387,4.785111904144287,0.0,3.6289947032928467,0.008677770383656025,0.47807732224464417
388,4.994719982147217,0.0,3.6290340423583984,0.008402420207858086,0.4990518391132355
389,4.8337578773498535,0.0,3.62908935546875,0.008717301301658154,0.4829398989677429
390,5.288341999053955,0.0,3.629063367843628,0.00784407276660204,0.5284420251846313
391,4.618032932281494,0.0,3.6288793087005615,0.006913777440786362,0.46145758032798767
392,5.378152847290039,0.0,3.628667116165161,0.007813781499862671,0.537424623966217
393,5.4268412590026855,0.0,3.6283271312713623,0.007640853989869356,0.5423020720481873
394,5.005159854888916,0.0,3.627983570098877,0.0075562926940619946,0.5001381635665894
395,4.838736534118652,0.0,3.627692699432373,0.00725151551887393,0.4835110902786255
396,5.193273067474365,0.0,3.627551794052124,0.007795619312673807,0.5189375281333923
397,5.1771559715271,0.0,3.6276495456695557,0.007937823422253132,0.5173187255859375
398,5.1997294425964355,0.0,3.6278953552246094,0.007984025403857231,0.5195737481117249
399,4.996269226074219,0.0,3.6282155513763428,0.007782292552292347,0.4992378056049347
400,5.288695335388184,0.0,3.628603458404541,0.008216899819672108,0.5284587144851685
401,5.17458963394165,0.0,3.6289174556732178,0.00859462283551693,0.5170292258262634
402,4.916812419891357,0.0,3.6290202140808105,0.009179756045341492,0.49122223258018494
403,5.211348056793213,0.0,3.628965377807617,0.008019357919692993,0.5207338333129883
404,4.960031509399414,0.0,3.628822088241577,0.00901825912296772,0.4955522418022156
405,5.239506721496582,0.0,3.628671169281006,0.008714675903320312,0.5235149264335632
406,5.282784461975098,0.0,3.6284518241882324,0.007882642559707165,0.527884304523468
407,4.963841438293457,0.0,3.62827730178833,0.008184562437236309,0.49597492814064026
408,5.341531753540039,0.0,3.6281025409698486,0.008820036426186562,0.5337122082710266
409,5.290195465087891,0.0,3.6279079914093018,0.008960030972957611,0.5285715460777283
410,4.881852626800537,0.0,3.6276936531066895,0.007499514613300562,0.48781028389930725
411,5.052903652191162,0.0,3.627445697784424,0.007856249809265137,0.5048975348472595
412,5.473581314086914,0.0,3.62711238861084,0.008255037479102612,0.5469453930854797
413,4.863723278045654,0.0,3.6266751289367676,0.00849346723407507,0.4859476387500763
414,5.5346760749816895,0.0,3.6261091232299805,0.007793786935508251,0.5530779361724854
415,4.8671875,0.0,3.6254048347473145,0.009566030465066433,0.486240416765213
416,5.092301368713379,0.0,3.6245789527893066,0.009060006588697433,0.5087771415710449
417,5.052680492401123,0.0,3.623706102371216,0.00927944015711546,0.5048040747642517
418,4.996707916259766,0.0,3.6228294372558594,0.009786030277609825,0.49918150901794434
419,5.055801868438721,0.0,3.6219642162323,0.009019347839057446,0.5051292181015015
420,5.5705718994140625,0.0,3.6211657524108887,0.01021763775497675,0.5565463304519653
421,5.3571672439575195,0.0,3.620441436767578,0.009550894610583782,0.5352391600608826
422,4.635585784912109,0.0,3.6198487281799316,0.010849425569176674,0.4630161225795746
423,5.103209018707275,0.0,3.619283676147461,0.010814703069627285,0.5097801685333252
424,5.172144889831543,0.0,3.618704319000244,0.010155859403312206,0.5167067050933838
425,5.168431282043457,0.0,3.6181721687316895,0.009783211164176464,0.516353964805603
426,5.246097564697266,0.0,3.6176271438598633,0.009693305939435959,0.5241250991821289
427,5.292969226837158,0.0,3.6170127391815186,0.010418538935482502,0.5287759900093079
428,5.132263660430908,0.0,3.6162796020507812,0.009176395833492279,0.5127675533294678
429,5.5719780921936035,0.0,3.6154608726501465,0.009265993721783161,0.5567345023155212
430,4.864716053009033,0.0,3.614610195159912,0.008818374946713448,0.4860306978225708
431,4.911017417907715,0.0,3.613797187805176,0.008849876001477242,0.490659236907959
432,5.161410331726074,0.0,3.6129961013793945,0.008970605209469795,0.5156925320625305
433,5.121644973754883,0.0,3.6122493743896484,0.008194402791559696,0.5117548108100891
434,5.208107948303223,0.0,3.611544609069824,0.009173684753477573,0.5203521251678467
435,4.735010623931885,0.0,3.610901355743408,0.009194745682179928,0.4730413556098938
436,5.159736633300781,0.0,3.6103146076202393,0.009887383319437504,0.5154792666435242
437,5.239541530609131,0.0,3.6098453998565674,0.0100838802754879,0.5234499573707581
438,5.387814998626709,0.0,3.6094889640808105,0.009906542487442493,0.5382861495018005
439,5.312004566192627,0.0,3.609304904937744,0.01059187576174736,0.5306708812713623
440,5.1161789894104,0.0,3.6092751026153564,0.01036373432725668,0.5110996961593628
441,4.98873233795166,0.0,3.609365940093994,0.010597281157970428,0.4983433783054352
442,5.03359317779541,0.0,3.6095633506774902,0.010696644894778728,0.5028244853019714
443,5.104957580566406,0.0,3.6097564697265625,0.010559668764472008,0.5099677443504333
444,5.255844593048096,0.0,3.6099905967712402,0.011838298290967941,0.5249925851821899
445,4.976648807525635,0.0,3.610311985015869,0.011222172528505325,0.49710381031036377
446,4.794933319091797,0.0,3.6107146739959717,0.012073596008121967,0.4788896441459656
447,4.743403911590576,0.0,3.6111879348754883,0.011915916576981544,0.47374457120895386
448,5.103537559509277,0.0,3.6117990016937256,0.010976498015224934,0.509804904460907
449,4.80821418762207,0.0,3.612515926361084,0.012476498261094093,0.48019757866859436
450,5.368273735046387,0.0,3.6133127212524414,0.012054389342665672,0.5362246632575989
451,4.730639934539795,0.0,3.6141726970672607,0.012037936598062515,0.47246208786964417
452,5.469416618347168,0.0,3.615083694458008,0.012189595960080624,0.5463321805000305
453,4.846508979797363,0.0,3.6159424781799316,0.010455658659338951,0.48412811756134033
454,5.272425651550293,0.0,3.6168112754821777,0.009782745502889156,0.5267534255981445
455,5.287431716918945,0.0,3.6177239418029785,0.011684460565447807,0.528158962726593
456,4.839257717132568,0.0,3.618619918823242,0.010956374928355217,0.48337793350219727
457,5.514865875244141,0.0,3.6194894313812256,0.009956588968634605,0.5509887933731079
458,4.902657985687256,0.0,3.620321273803711,0.010214232839643955,0.48975512385368347
459,5.275031089782715,0.0,3.621145725250244,0.010303398594260216,0.5269879102706909
460,5.151056289672852,0.0,3.622074604034424,0.009581204503774643,0.5146265625953674
461,4.852143287658691,0.0,3.623075246810913,0.010204602964222431,0.4847041070461273
462,5.150852680206299,0.0,3.6241188049316406,0.010041276924312115,0.5145832300186157
463,5.2745890617370605,0.0,3.6251134872436523,0.009580998681485653,0.5269798636436462
464,5.137029647827148,0.0,3.6261603832244873,0.01009265799075365,0.5131983160972595
465,5.331608772277832,0.0,3.6271474361419678,0.010017349384725094,0.5326600074768066
466,5.278717994689941,0.0,3.6280388832092285,0.009134378284215927,0.5274150967597961
467,5.141388416290283,0.0,3.6287765502929688,0.00955046433955431,0.5136613249778748
468,5.651724815368652,0.0,3.6293528079986572,0.009412645362317562,0.5647018551826477
469,5.457416534423828,0.0,3.6298208236694336,0.010156286880373955,0.5452338457107544
470,5.092029094696045,0.0,3.6301379203796387,0.008984405547380447,0.5087536573410034
471,5.008517265319824,0.0,3.630411148071289,0.009998232126235962,0.5003517866134644
472,4.91730260848999,0.0,3.6305723190307617,0.008666466921567917,0.4912969470024109
473,5.064281463623047,0.0,3.6307694911956787,0.00983128696680069,0.5059365630149841
474,5.176706790924072,0.0,3.6309590339660645,0.009512691758573055,0.5171950459480286
475,5.274740219116211,0.0,3.6312637329101562,0.009854218922555447,0.5269812941551208
476,5.450594425201416,0.0,3.6316847801208496,0.010065210051834583,0.544556200504303
477,5.0828938484191895,0.0,3.632146120071411,0.010768617503345013,0.507750928401947
478,5.092761039733887,0.0,3.632631540298462,0.009919689036905766,0.5087801218032837
479,5.129617691040039,0.0,3.6330933570861816,0.010324247181415558,0.5124455690383911
480,4.785833835601807,0.0,3.6335644721984863,0.01103304885327816,0.478031724691391
481,5.149285316467285,0.0,3.6340017318725586,0.009672211483120918,0.5144449472427368
482,4.986055850982666,0.0,3.6344614028930664,0.011128795333206654,0.49804913997650146
483,4.9885125160217285,0.0,3.6349081993103027,0.010849695652723312,0.49830877780914307
484,5.17380428314209,0.0,3.6353819370269775,0.010112821124494076,0.5168747901916504
485,4.928383827209473,0.0,3.6358234882354736,0.010236279107630253,0.492326557636261
486,5.11589241027832,0.0,3.6363577842712402,0.0119022810831666,0.5109941363334656
487,5.479475021362305,0.0,3.637052297592163,0.010829713195562363,0.547406017780304
488,5.012375831604004,0.0,3.6378378868103027,0.011075809597969055,0.5006837844848633
489,5.397162437438965,0.0,3.638735055923462,0.010475668124854565,0.5391924381256104
490,5.319209098815918,0.0,3.639751672744751,0.010890931822359562,0.5313763618469238
491,4.7395405769348145,0.0,3.6408066749572754,0.010180694982409477,0.47344502806663513
492,5.025371551513672,0.0,3.641991138458252,0.010713876225054264,0.5020014643669128
493,4.888171672821045,0.0,3.643281936645508,0.011200916022062302,0.48825713992118835
494,4.770881175994873,0.0,3.6446523666381836,0.010759401135146618,0.4765501320362091
495,5.094816207885742,0.0,3.6460490226745605,0.010789977386593819,0.5089421272277832
496,4.990807056427002,0.0,3.647481918334961,0.011775081045925617,0.49849194288253784
497,5.432982444763184,0.0,3.6487977504730225,0.009346573613584042,0.5428308844566345
498,4.845128536224365,0.0,3.6500840187072754,0.00994176510721445,0.48401573300361633
499,4.9872145652771,0.0,3.6513752937316895,0.010092562064528465,0.49821680784225464
500,4.693731784820557,0.0,3.6526434421539307,0.010248382575809956,0.46886077523231506
501,4.936954498291016,0.0,3.6538772583007812,0.010099080391228199,0.4931904971599579
502,5.39197301864624,0.0,3.6551434993743896,0.010792135260999203,0.5386577248573303
503,4.713639259338379,0.0,3.656428337097168,0.009485172107815742,0.4708896577358246
504,5.3013834953308105,0.0,3.657723903656006,0.009941629134118557,0.5296412706375122
505,5.001865386962891,0.0,3.659008026123047,0.010197612456977367,0.4996766746044159
506,4.999285697937012,0.0,3.660191774368286,0.010069063864648342,0.49942514300346375
507,5.108384132385254,0.0,3.6611790657043457,0.009978617541491985,0.5103394985198975
508,4.825668811798096,0.0,3.662017822265625,0.010221428237855434,0.48205581307411194
509,4.844612121582031,0.0,3.6626150608062744,0.011126070283353329,0.4839048981666565
510,4.986219882965088,0.0,3.6629714965820312,0.01154628861695528,0.4980446696281433
511,5.131121635437012,0.0,3.663053035736084,0.012475773692131042,0.5124883651733398
512,4.9586896896362305,0.0,3.662903308868408,0.012808099389076233,0.4952285587787628
513,5.442653179168701,0.0,3.6627182960510254,0.012778903357684612,0.5436263680458069
514,4.975999355316162,0.0,3.6625919342041016,0.010953067801892757,0.49705228209495544
515,4.840260028839111,0.0,3.6626720428466797,0.012590079568326473,0.4833964705467224
516,4.606471538543701,0.0,3.662888288497925,0.011725176125764847,0.46006089448928833
517,5.4472174644470215,0.0,3.663215398788452,0.010789687745273113,0.5441822409629822
518,5.198151111602783,0.0,3.66361665725708,0.01098476443439722,0.51926589012146
519,5.0642805099487305,0.0,3.664069414138794,0.012355424463748932,0.5058102607727051
520,5.033461570739746,0.0,3.6644206047058105,0.011401351541280746,0.5027760863304138
521,4.988471031188965,0.0,3.6646177768707275,0.011124799028038979,0.49829086661338806
522,4.776206970214844,0.0,3.6646666526794434,0.00958802830427885,0.47714129090309143
523,4.944392204284668,0.0,3.664557933807373,0.010722851380705833,0.4939030706882477
524,5.460045337677002,0.0,3.664431571960449,0.010056710802018642,0.545501708984375
525,4.992035865783691,0.0,3.664348602294922,0.009760282933712006,0.4987156093120575
526,5.1429877281188965,0.0,3.664386510848999,0.010044863447546959,0.5137965083122253
527,5.201995849609375,0.0,3.664560556411743,0.010378074832260609,0.5196806788444519
528,4.842396259307861,0.0,3.664867877960205,0.01055192667990923,0.4837120473384857
529,4.6558966636657715,0.0,3.665328025817871,0.010843997821211815,0.4650474786758423
530,5.077724933624268,0.0,3.6659655570983887,0.010154195129871368,0.5072647929191589
531,5.207913875579834,0.0,3.666734218597412,0.012774933129549026,0.5201526880264282
532,5.276209831237793,0.0,3.6674821376800537,0.012536084279417992,0.5269941687583923
533,5.838906764984131,0.0,3.668212890625,0.012339455075562,0.583273708820343
534,4.993382453918457,0.0,3.6689295768737793,0.01164170540869236,0.49875617027282715
535,5.230943202972412,0.0,3.669605016708374,0.01236745249480009,0.5224759578704834
536,4.911579132080078,0.0,3.6703193187713623,0.01369799766689539,0.49047303199768066
537,4.554028034210205,0.0,3.6709835529327393,0.0132317915558815,0.4547412097454071
538,4.971428394317627,0.0,3.6716666221618652,0.012924272567033768,0.49649664759635925
539,5.248644828796387,0.0,3.6724653244018555,0.011941739358007908,0.5242673754692078
540,5.177724361419678,0.0,3.6733498573303223,0.0138277318328619,0.517081081867218
541,4.976724624633789,0.0,3.67423152923584,0.012346785515546799,0.4970550835132599
542,5.194061279296875,0.0,3.6751108169555664,0.014621760696172714,0.5186750292778015
543,5.04690408706665,0.0,3.675940752029419,0.01639285497367382,0.5038707852363586
544,4.659093856811523,0.0,3.6766421794891357,0.014801453799009323,0.4651693105697632
545,4.954036712646484,0.0,3.67718243598938,0.014364223927259445,0.49468547105789185
546,5.449912071228027,0.0,3.6776037216186523,0.015054005198180676,0.5442385077476501
547,5.384383201599121,0.0,3.67788028717041,0.014555234462022781,0.5377105474472046
548,5.295111179351807,0.0,3.6781058311462402,0.015206409618258476,0.5287507772445679
549,4.833529472351074,0.0,3.678184986114502,0.013679237104952335,0.48266899585723877
550,5.070888996124268,0.0,3.678321361541748,0.013860967941582203,0.5063958764076233
551,5.0341572761535645,0.0,3.678475856781006,0.012668256647884846,0.5027822852134705
552,4.929000377655029,0.0,3.6785998344421387,0.01474897749722004,0.4921626150608063
553,4.921528339385986,0.0,3.678752899169922,0.014556691981852055,0.4914249777793884
554,5.155876159667969,0.0,3.6789636611938477,0.01388589572161436,0.5148933529853821
555,4.746321678161621,0.0,3.679232597351074,0.012706934474408627,0.4739968180656433
556,4.920839309692383,0.0,3.6794230937957764,0.014720906503498554,0.49134790897369385
557,5.10846471786499,0.0,3.679441213607788,0.014081447385251522,0.51014244556427
558,5.463830947875977,0.0,3.679286003112793,0.014170271344482899,0.5456745624542236
559,4.761703968048096,0.0,3.6790008544921875,0.011557867750525475,0.4755925238132477
560,4.765539646148682,0.0,3.6786742210388184,0.012482737191021442,0.475929856300354
561,5.364970684051514,0.0,3.678377628326416,0.011692970059812069,0.5359123945236206
562,4.981945037841797,0.0,3.6780738830566406,0.011499438434839249,0.49761953949928284
563,4.936635494232178,0.0,3.6779098510742188,0.011638345196843147,0.49308159947395325
564,5.153895854949951,0.0,3.6778104305267334,0.012210155837237835,0.5147790908813477
565,4.873539924621582,0.0,3.6777515411376953,0.010221772827208042,0.48684293031692505
566,4.96091365814209,0.0,3.677743673324585,0.01094177644699812,0.49554428458213806
567,5.046379089355469,0.0,3.6777777671813965,0.010297325439751148,0.5041230320930481
568,4.949548244476318,0.0,3.67777681350708,0.010032165795564651,0.4944532513618469
569,5.199895858764648,0.0,3.6777491569519043,0.01194729097187519,0.519392192363739
570,5.099039554595947,0.0,3.6776299476623535,0.011528801172971725,0.5093275308609009
571,5.100773811340332,0.0,3.677532911300659,0.011099377647042274,0.5095223784446716
572,5.376293659210205,0.0,3.67748761177063,0.011070936918258667,0.5370758175849915
573,5.217318534851074,0.0,3.6774940490722656,0.010653124190866947,0.5211991667747498
574,4.900941371917725,0.0,3.677630662918091,0.01197647675871849,0.48949530720710754
575,4.998765468597412,0.0,3.6779229640960693,0.011750929988920689,0.49928897619247437
576,5.078469276428223,0.0,3.678380250930786,0.01203718688338995,0.5072450637817383
577,5.103923797607422,0.0,3.6789441108703613,0.012036937288939953,0.5097905397415161
578,5.087574481964111,0.0,3.6795918941497803,0.012917238287627697,0.5081115961074829
579,5.320577621459961,0.0,3.6802618503570557,0.014751777984201908,0.5313202142715454
580,5.148004531860352,0.0,3.6809520721435547,0.01397879421710968,0.514101505279541
581,5.255289554595947,0.0,3.6816139221191406,0.013544660992920399,0.5248516798019409
582,5.177480220794678,0.0,3.6821858882904053,0.01324600912630558,0.5170857310295105
583,5.471219539642334,0.0,3.682743549346924,0.0132684875279665,0.5464585423469543
584,5.217101573944092,0.0,3.683289051055908,0.013958422467112541,0.5210122466087341
585,5.041109085083008,0.0,3.6839041709899902,0.012792899273335934,0.5034712553024292
586,5.389027118682861,0.0,3.684617042541504,0.013362260535359383,0.5382345914840698
587,4.8185553550720215,0.0,3.6853671073913574,0.013591238297522068,0.4811760187149048
588,5.144567966461182,0.0,3.6861419677734375,0.012254799716174603,0.5138440728187561
589,5.166457653045654,0.0,3.6869688034057617,0.012933162041008472,0.5159991383552551
590,5.623451232910156,0.0,3.687819480895996,0.01357700489461422,0.5616662502288818
591,4.965698719024658,0.0,3.6886560916900635,0.015030186623334885,0.4958183765411377
592,5.110783100128174,0.0,3.6894893646240234,0.01327808853238821,0.5104144215583801
593,5.102352619171143,0.0,3.690274238586426,0.012029791250824928,0.5096337795257568
594,5.274466037750244,0.0,3.6910510063171387,0.012332032434642315,0.5268300175666809
595,5.1257452964782715,0.0,3.6917355060577393,0.011461169458925724,0.5120014548301697
596,5.233951091766357,0.0,3.6922545433044434,0.01159813441336155,0.5228151679039001
597,5.118436336517334,0.0,3.692697286605835,0.013465297408401966,0.5111703872680664
598,4.925507068634033,0.0,3.6929826736450195,0.012398513965308666,0.4919307827949524
599,4.922694206237793,0.0,3.693218469619751,0.01199353113770485,0.49166974425315857
600,4.823905944824219,0.0,3.693471908569336,0.011133726686239243,0.48183387517929077
601,4.868690490722656,0.0,3.693819046020508,0.01074304711073637,0.48633190989494324
602,5.487060546875,0.0,3.6942944526672363,0.011458007618784904,0.548133134841919
603,5.2852396965026855,0.0,3.6948421001434326,0.012689040042459965,0.5278895497322083
604,4.87265157699585,0.0,3.695427894592285,0.010886081494390965,0.48672083020210266
605,5.054839134216309,0.0,3.6961233615875244,0.011658087372779846,0.5049010515213013
606,4.704617500305176,0.0,3.696826934814453,0.012184472754597664,0.4698525667190552
607,5.194601058959961,0.0,3.6975021362304688,0.011212696321308613,0.5188995003700256
608,4.98640775680542,0.0,3.698167324066162,0.010925998911261559,0.49809443950653076
609,5.233072757720947,0.0,3.6987733840942383,0.012105430476367474,0.5227020382881165
610,5.092887878417969,0.0,3.6993870735168457,0.011553600430488586,0.5087110996246338
611,5.1405253410339355,0.0,3.7000861167907715,0.011841616593301296,0.5134604573249817
612,5.141192436218262,0.0,3.7008538246154785,0.01340155117213726,0.5134491324424744
613,5.079080104827881,0.0,3.701589822769165,0.013930104672908783,0.5072115063667297
614,5.081628799438477,0.0,3.7023563385009766,0.012413835152983665,0.5075421929359436
615,5.059865474700928,0.0,3.7031545639038086,0.01208946481347084,0.5053820610046387
616,5.041416645050049,0.0,3.7039599418640137,0.013783317059278488,0.503452479839325
617,5.4569292068481445,0.0,3.7047839164733887,0.011827505193650723,0.545101523399353
618,5.251730442047119,0.0,3.705691337585449,0.013025808148086071,0.5245217084884644
619,5.229032516479492,0.0,3.706683397293091,0.012742792256176472,0.5222660899162292
620,5.140045642852783,0.0,3.7076475620269775,0.013011209666728973,0.5133540034294128
621,4.966909408569336,0.0,3.708710193634033,0.013858076184988022,0.4959980547428131
622,5.3671770095825195,0.0,3.7098426818847656,0.01290708314627409,0.5360723733901978
623,4.8719801902771,0.0,3.711057662963867,0.013063037768006325,0.4865448474884033
624,4.9961042404174805,0.0,3.712312936782837,0.011951550841331482,0.49901282787323
625,4.9164628982543945,0.0,3.7136878967285156,0.012799657881259918,0.49100634455680847
626,5.037071228027344,0.0,3.715099334716797,0.012253652326762676,0.5030944347381592
627,5.185765266418457,0.0,3.716470956802368,0.012367221526801586,0.5179581642150879
628,4.859252452850342,0.0,3.7178804874420166,0.013777385465800762,0.48523634672164917
629,4.566974639892578,0.0,3.7192001342773438,0.012275096029043198,0.456083744764328
630,5.346384048461914,0.0,3.7204861640930176,0.011817864142358303,0.5340474843978882
631,5.531628608703613,0.0,3.72180438041687,0.0132139278575778,0.5525021553039551
632,4.893232345581055,0.0,3.7231931686401367,0.01214764267206192,0.4887158274650574
633,4.911271095275879,0.0,3.724691867828369,0.012907025404274464,0.49048176407814026
634,4.791330814361572,0.0,3.726292610168457,0.013436953537166119,0.47846123576164246
635,4.832712650299072,0.0,3.728034496307373,0.01326632872223854,0.48260796070098877
636,5.282689094543457,0.0,3.729922294616699,0.013891895301640034,0.5275743007659912
637,5.208244800567627,0.0,3.7318763732910156,0.013457012362778187,0.5201516151428223
638,5.278473854064941,0.0,3.7339253425598145,0.014281785115599632,0.5271332859992981
639,4.720195293426514,0.0,3.736013889312744,0.016065770760178566,0.47121626138687134
640,5.04242467880249,0.0,3.7380266189575195,0.01508247759193182,0.5034883618354797
641,4.943482398986816,0.0,3.7399492263793945,0.014644927345216274,0.4936160147190094
642,4.9129862785339355,0.0,3.7418434619903564,0.015698207542300224,0.4905136823654175
643,4.930853366851807,0.0,3.7435925006866455,0.01479576900601387,0.49234557151794434
644,4.772510528564453,0.0,3.7453041076660156,0.014672200195491314,0.4765174388885498
645,4.768712043762207,0.0,3.74698543548584,0.013902927748858929,0.47617608308792114
646,5.01828670501709,0.0,3.7487237453460693,0.014624425210058689,0.5010974407196045
647,5.191534042358398,0.0,3.7505669593811035,0.013601335696876049,0.5184733271598816
648,5.46422815322876,0.0,3.7524757385253906,0.014973972924053669,0.5456741452217102
649,5.000203609466553,0.0,3.754427671432495,0.0136672118678689,0.49933698773384094
650,5.114922523498535,0.0,3.756417751312256,0.016147248446941376,0.5106848478317261
651,5.229324817657471,0.0,3.758371353149414,0.014612939208745956,0.5222018361091614
652,4.91044807434082,0.0,3.760349750518799,0.013870691880583763,0.4903513193130493
653,5.330906391143799,0.0,3.762314796447754,0.017031479626893997,0.5322390794754028
654,4.848646640777588,0.0,3.764068126678467,0.01475580595433712,0.48412683606147766
655,4.937480926513672,0.0,3.7657604217529297,0.014537286944687366,0.49302124977111816
656,5.004097938537598,0.0,3.767385959625244,0.01485323067754507,0.49966713786125183
657,5.113263130187988,0.0,3.76898193359375,0.014955045655369759,0.5105785131454468
658,5.3314642906188965,0.0,3.7704832553863525,0.013448398560285568,0.5324739813804626
659,5.202978134155273,0.0,3.771937608718872,0.0135011812672019,0.5196227431297302
660,5.014775276184082,0.0,3.773376941680908,0.01259423978626728,0.5008478164672852
661,5.117980003356934,0.0,3.7748970985412598,0.012453204952180386,0.5111753344535828
662,4.97761869430542,0.0,3.776413917541504,0.013668036088347435,0.49707847833633423
663,5.271023273468018,0.0,3.777880907058716,0.01069001667201519,0.526567816734314
664,5.076480388641357,0.0,3.7793824672698975,0.012256496585905552,0.5070351958274841
665,4.998559474945068,0.0,3.7807908058166504,0.012484326027333736,0.4992316961288452
666,5.36720609664917,0.0,3.782156467437744,0.013254751451313496,0.5360578298568726
667,5.081432342529297,0.0,3.7834243774414062,0.012380113825201988,0.5075242519378662
668,4.84873104095459,0.0,3.7847471237182617,0.012571265920996666,0.48424452543258667
669,4.9516096115112305,0.0,3.7860779762268066,0.01226009614765644,0.49454793334007263
670,4.643588066101074,0.0,3.787379026412964,0.012234481982886791,0.4637470543384552
671,5.416325569152832,0.0,3.788663864135742,0.012758304364979267,0.5409946441650391
672,4.825149059295654,0.0,3.789952278137207,0.011547388508915901,0.48193755745887756
673,4.992177486419678,0.0,3.7912182807922363,0.0130442064255476,0.49856552481651306
674,5.098104953765869,0.0,3.7924814224243164,0.01198701560497284,0.5092111825942993
675,5.371579647064209,0.0,3.793759346008301,0.013266248628497124,0.5364946126937866
676,4.9465107917785645,0.0,3.7950735092163086,0.01426022220402956,0.4939380884170532
677,5.276974201202393,0.0,3.7963809967041016,0.013115542009472847,0.5270416140556335
678,5.157191753387451,0.0,3.7976906299591064,0.012651458382606506,0.5150865912437439
679,5.233726501464844,0.0,3.799046039581299,0.014447774738073349,0.5226502418518066
680,4.873785495758057,0.0,3.8005027770996094,0.01588560827076435,0.48658427596092224
681,5.057811737060547,0.0,3.8019871711730957,0.015272758901119232,0.5050175189971924
682,5.037971019744873,0.0,3.8034799098968506,0.01474388875067234,0.5030599236488342
683,5.142755508422852,0.0,3.8049583435058594,0.014610856771469116,0.5135449767112732
684,4.677119255065918,0.0,3.8064253330230713,0.015460762195289135,0.46693888306617737
685,4.87481689453125,0.0,3.8078198432922363,0.015619123354554176,0.48670074343681335
686,5.464199066162109,0.0,3.809119701385498,0.013448311947286129,0.5457474589347839
687,4.722724437713623,0.0,3.8103713989257812,0.014297876507043839,0.4715575873851776
688,5.0168232917785645,0.0,3.8116397857666016,0.013703043572604656,0.5009971857070923
689,5.150279998779297,0.0,3.8129782676696777,0.013595983386039734,0.5143482089042664
690,4.958377838134766,0.0,3.814342498779297,0.013010313734412193,0.49518728256225586
691,5.067883491516113,0.0,3.8158278465270996,0.015163254924118519,0.5060302019119263
692,5.268691539764404,0.0,3.817375659942627,0.01370605081319809,0.5261838436126709
693,4.8524322509765625,0.0,3.8191022872924805,0.014108759351074696,0.484537810087204
694,4.836393356323242,0.0,3.8208999633789062,0.014897518791258335,0.4828944802284241
695,5.281596660614014,0.0,3.8227720260620117,0.01514430996030569,0.5274024605751038
696,5.397169589996338,0.0,3.824755907058716,0.0162667166441679,0.5389035940170288
697,5.134200572967529,0.0,3.8267831802368164,0.01586739718914032,0.5126267075538635
698,5.153464317321777,0.0,3.8288097381591797,0.016103412955999374,0.5145412683486938
699,4.922552108764648,0.0,3.8306832313537598,0.01553082000464201,0.49147868156433105
700,5.149144172668457,0.0,3.8324058055877686,0.014348769560456276,0.5141969919204712
701,4.917144775390625,0.0,3.8339462280273438,0.015069076791405678,0.4909610152244568
702,4.942929744720459,0.0,3.8353629112243652,0.014770121313631535,0.4935544431209564
703,5.5014142990112305,0.0,3.8367741107940674,0.015373744070529938,0.5493727326393127
704,4.974547386169434,0.0,3.838172435760498,0.01383107528090477,0.4967631697654724
705,4.883691310882568,0.0,3.839625835418701,0.01365212444216013,0.48768654465675354
706,5.414306640625,0.0,3.8411459922790527,0.012778472155332565,0.5407917499542236
707,4.976494789123535,0.0,3.842641592025757,0.012335301376879215,0.49703267216682434
708,5.144420146942139,0.0,3.8441402912139893,0.01322912983596325,0.5137805342674255
709,5.067623615264893,0.0,3.845580577850342,0.014279734343290329,0.5060483813285828
710,4.886836051940918,0.0,3.8469953536987305,0.012848184444010258,0.4880411922931671
711,4.911546230316162,0.0,3.8483214378356934,0.011291970498859882,0.49059006571769714
712,5.337996006011963,0.0,3.8494558334350586,0.011744624935090542,0.5332123637199402
713,4.876758098602295,0.0,3.850532293319702,0.011283380910754204,0.4871116876602173
714,5.200874328613281,0.0,3.8515753746032715,0.01173179131001234,0.5195008516311646
715,5.098117828369141,0.0,3.8525784015655518,0.01154529768973589,0.5092345476150513
716,4.91037654876709,0.0,3.853583574295044,0.013062838464975357,0.4903845191001892
717,5.373324394226074,0.0,3.854487895965576,0.010753313079476357,0.5367947816848755
718,5.364245891571045,0.0,3.8554539680480957,0.01011676900088787,0.5359187722206116
719,4.942014217376709,0.0,3.8564226627349854,0.012414447963237762,0.49358069896698
720,5.1886749267578125,0.0,3.8573925495147705,0.011791208758950233,0.5182779431343079
721,5.353729248046875,0.0,3.858323574066162,0.012677916325628757,0.5347390174865723
722,5.180146217346191,0.0,3.85916805267334,0.01206983532756567,0.5174111127853394
723,5.249586582183838,0.0,3.860048770904541,0.011538158170878887,0.5243817567825317
724,5.628187656402588,0.0,3.8609061241149902,0.01218363456428051,0.5622096061706543
725,5.100531101226807,0.0,3.8617358207702637,0.012425253167748451,0.5094318389892578
726,5.05096435546875,0.0,3.862544059753418,0.01424023974686861,0.5043843984603882
727,4.976441383361816,0.0,3.863290309906006,0.012869558297097683,0.49700066447257996
728,5.152885913848877,0.0,3.864027976989746,0.012058569118380547,0.5146856904029846
729,5.690650463104248,0.0,3.864738702774048,0.013235239312052727,0.5684033036231995
730,4.7116899490356445,0.0,3.8653714656829834,0.012644780799746513,0.4705367386341095
731,5.174957752227783,0.0,3.866023540496826,0.011585421860218048,0.5169165134429932
732,4.657011032104492,0.0,3.8668386936187744,0.012310707941651344,0.46508556604385376
733,5.299776554107666,0.0,3.8676366806030273,0.012736042030155659,0.5293408632278442
734,4.899681091308594,0.0,3.8683948516845703,0.012879526242613792,0.489324152469635
735,4.750762462615967,0.0,3.869112730026245,0.011491822078824043,0.4745016396045685
736,5.029725551605225,0.0,3.8698718547821045,0.011984746903181076,0.5023733377456665
737,5.0618462562561035,0.0,3.8706512451171875,0.013108144514262676,0.5055292248725891
738,5.026026248931885,0.0,3.8712849617004395,0.012279537506401539,0.5019886493682861
739,4.574730396270752,0.0,3.8719377517700195,0.012182041071355343,0.4568639397621155
740,4.797696590423584,0.0,3.8726937770843506,0.012354627251625061,0.4791519045829773
741,4.834585189819336,0.0,3.8734984397888184,0.013004413805902004,0.48280829191207886
742,4.958582401275635,0.0,3.874403238296509,0.013360646553337574,0.49519017338752747
743,5.527632713317871,0.0,3.875357151031494,0.012001856230199337,0.5521631836891174
744,4.438694477081299,0.0,3.8763904571533203,0.012879053130745888,0.4432255029678345
745,5.653019905090332,0.0,3.877469301223755,0.012552577070891857,0.5646743774414062
746,4.807572841644287,0.0,3.8785157203674316,0.013037179596722126,0.4801054298877716
747,4.869179725646973,0.0,3.879519462585449,0.012812765315175056,0.48627734184265137
748,5.1957831382751465,0.0,3.88061261177063,0.015493092127144337,0.5188036561012268
749,5.238724708557129,0.0,3.881659984588623,0.013523228466510773,0.5231963396072388
750,5.027618885040283,0.0,3.8826048374176025,0.012599663808941841,0.5021318793296814
751,4.8466644287109375,0.0,3.8836278915405273,0.013755117543041706,0.4839786887168884
752,4.9514875411987305,0.0,3.8846938610076904,0.012449413537979126,0.49452629685401917
753,5.123247146606445,0.0,3.8859548568725586,0.01525170262902975,0.5115621089935303
754,5.070496082305908,0.0,3.8872597217559814,0.013607986271381378,0.5063692331314087
755,5.204484462738037,0.0,3.8885884284973145,0.014267101883888245,0.5197350978851318
756,4.705794334411621,0.0,3.8899974822998047,0.012860476039350033,0.46993640065193176
757,4.6159467697143555,0.0,3.891353130340576,0.01292234193533659,0.46094855666160583
758,5.408873081207275,0.0,3.8927001953125,0.012310235761106014,0.5402718186378479
759,4.857224941253662,0.0,3.8939595222473145,0.013483514077961445,0.4850483536720276
760,5.012861251831055,0.0,3.895033836364746,0.012856311164796352,0.5006433129310608
761,4.979125499725342,0.0,3.896076202392578,0.014828345738351345,0.4971711039543152
762,4.781834125518799,0.0,3.8970494270324707,0.013645700179040432,0.4775010943412781
763,5.146976947784424,0.0,3.898005723953247,0.013003688305616379,0.5140475034713745
764,4.882776260375977,0.0,3.898972749710083,0.01425301656126976,0.48756498098373413
765,5.261855602264404,0.0,3.900041103363037,0.011854116804897785,0.5255928635597229
766,5.179876327514648,0.0,3.9011306762695312,0.012805309146642685,0.5173473954200745
767,4.9617438316345215,0.0,3.902096748352051,0.014227154664695263,0.4954630434513092
768,4.924381732940674,0.0,3.9030590057373047,0.014548193663358688,0.49171075224876404
769,4.79959774017334,0.0,3.9037551879882812,0.013300987891852856,0.4792947471141815
770,5.318275451660156,0.0,3.904346227645874,0.014098835177719593,0.5311225652694702
771,5.075285911560059,0.0,3.9046783447265625,0.015440690331161022,0.5067565441131592
772,5.176666259765625,0.0,3.9046754837036133,0.013135883957147598,0.5170098543167114
773,5.372076034545898,0.0,3.9044792652130127,0.01429001521319151,0.5364931225776672
774,5.0309224128723145,0.0,3.9040889739990234,0.01364225521683693,0.5024101138114929
775,4.540163993835449,0.0,3.9037082195281982,0.01368349976837635,0.45333224534988403
776,5.007833957672119,0.0,3.903426170349121,0.01220801193267107,0.5001729726791382
777,4.921117305755615,0.0,3.90328311920166,0.012268290854990482,0.49149832129478455
778,4.668474197387695,0.0,3.903270721435547,0.012325454503297806,0.4662311375141144
779,4.8135666847229,0.0,3.90334153175354,0.012678947299718857,0.48072269558906555
780,5.447035789489746,0.0,3.9035325050354004,0.014397522434592247,0.5439836978912354
781,4.920171737670898,0.0,3.903688907623291,0.01339896209537983,0.49134722352027893
782,5.385448455810547,0.0,3.9036879539489746,0.012931725941598415,0.5378982424736023
783,5.432468414306641,0.0,3.9035019874572754,0.013171229511499405,0.5425882935523987
784,4.917230129241943,0.0,3.903292655944824,0.01266710739582777,0.49108967185020447
785,5.235755443572998,0.0,3.903080463409424,0.011577926576137543,0.5229966640472412
786,5.283116340637207,0.0,3.9028983116149902,0.011892645619809628,0.5277169942855835
787,5.39772367477417,0.0,3.902726650238037,0.01274172030389309,0.5391352772712708
788,4.87239933013916,0.0,3.902669906616211,0.013415584340691566,0.4865691661834717
789,4.812679767608643,0.0,3.9025843143463135,0.012308809906244278,0.4806525409221649
790,5.371122360229492,0.0,3.9025728702545166,0.010816961526870728,0.5365713834762573
791,5.1508259773254395,0.0,3.902677059173584,0.012419776059687138,0.5144616365432739
792,5.205801010131836,0.0,3.902787923812866,0.012164532206952572,0.5199719071388245
793,5.365647792816162,0.0,3.9028825759887695,0.012023049406707287,0.5359636545181274
794,5.160558700561523,0.0,3.902872323989868,0.012567359954118729,0.5154274702072144
795,5.3595757484436035,0.0,3.902639389038086,0.010802119970321655,0.5354174375534058
796,4.799330711364746,0.0,3.902235746383667,0.011001519858837128,0.4793829917907715
797,5.0737481117248535,0.0,3.901731014251709,0.01260879635810852,0.506744384765625
798,4.965348720550537,0.0,3.901171922683716,0.01163781713694334,0.4959529936313629
799,5.05462121963501,0.0,3.900754928588867,0.012882554903626442,0.5048180222511292
800,4.884304523468018,0.0,3.9005208015441895,0.01203556451946497,0.48782867193222046
801,5.277491569519043,0.0,3.9005000591278076,0.01323385164141655,0.5270874500274658
802,4.9066691398620605,0.0,3.90059757232666,0.01378983911126852,0.4899774193763733
803,4.628151893615723,0.0,3.900756359100342,0.012752898968756199,0.462177574634552
804,4.586597919464111,0.0,3.9009971618652344,0.012109769508242607,0.4580543041229248
805,5.03100061416626,0.0,3.901277542114258,0.012488250620663166,0.5024756193161011
806,4.964697360992432,0.0,3.901535987854004,0.01142509002238512,0.4958984851837158
807,5.022068023681641,0.0,3.9018070697784424,0.012847743928432465,0.5015643835067749
808,5.126036643981934,0.0,3.9019322395324707,0.01224515400826931,0.5119913816452026
809,4.910851955413818,0.0,3.9019579887390137,0.012081633321940899,0.49048107862472534
810,5.096282005310059,0.0,3.901855945587158,0.014368724077939987,0.5089097619056702
811,5.178884983062744,0.0,3.9016215801239014,0.012998458929359913,0.5172385573387146
812,5.287889003753662,0.0,3.9014272689819336,0.012784013524651527,0.5281497240066528
813,5.044240474700928,0.0,3.9013314247131348,0.013304284773766994,0.5037587881088257
814,5.123702526092529,0.0,3.901247262954712,0.013123898766934872,0.5117141008377075
815,4.945614337921143,0.0,3.9012954235076904,0.013571476563811302,0.4938828647136688
816,4.955471038818359,0.0,3.901242256164551,0.01198969129472971,0.494947612285614
817,5.0594987869262695,0.0,3.9012506008148193,0.012078971602022648,0.5053459405899048
818,5.179679870605469,0.0,3.9012844562530518,0.013687427155673504,0.5172836184501648
819,4.960081577301025,0.0,3.901332139968872,0.014176168479025364,0.4952993392944336
820,5.028446674346924,0.0,3.9014487266540527,0.01331645343452692,0.5021788477897644
821,5.104650974273682,0.0,3.9016923904418945,0.0135265551507473,0.5097887516021729
822,5.0323615074157715,0.0,3.902041435241699,0.013940933160483837,0.5025390982627869
823,4.8808674812316895,0.0,3.90254545211792,0.013885581865906715,0.48739245533943176
824,5.148770809173584,0.0,3.9031267166137695,0.013576065190136433,0.5141982436180115
825,4.9197773933410645,0.0,3.9037628173828125,0.013939699158072472,0.49128076434135437
826,4.576864242553711,0.0,3.904400110244751,0.014940467663109303,0.4569393992424011
827,4.955868721008301,0.0,3.904982328414917,0.01546094287186861,0.49481382966041565
828,5.196073532104492,0.0,3.9054079055786133,0.013923359103500843,0.5189111828804016
829,4.7837677001953125,0.0,3.9057278633117676,0.01346637587994337,0.47770342230796814
830,5.307420253753662,0.0,3.9060239791870117,0.015059971250593662,0.5299890041351318
831,4.784207344055176,0.0,3.9061765670776367,0.012608474120497704,0.47779029607772827
832,4.9440693855285645,0.0,3.9062652587890625,0.013284365646541119,0.4937427043914795
833,5.2215189933776855,0.0,3.906376600265503,0.012777574360370636,0.521513044834137
834,4.87318229675293,0.0,3.9064743518829346,0.01196832861751318,0.4867198169231415
835,4.84232234954834,0.0,3.9067513942718506,0.013096967712044716,0.4835774004459381
836,4.920388221740723,0.0,3.9069395065307617,0.012951673939824104,0.49139121174812317
837,5.338485240936279,0.0,3.9071459770202637,0.013474181294441223,0.5331748127937317
838,5.040618896484375,0.0,3.9072792530059814,0.014103834517300129,0.5033566951751709
839,5.085553169250488,0.0,3.907177448272705,0.014869426377117634,0.5078118443489075
840,5.372952938079834,0.0,3.90695858001709,0.01394605077803135,0.5365980267524719
841,4.7997636795043945,0.0,3.9067234992980957,0.014272039756178856,0.4792627692222595
842,5.473418712615967,0.0,3.9064443111419678,0.013888409361243248,0.5466474294662476
843,5.013578414916992,0.0,3.906059741973877,0.014075860381126404,0.5006540417671204
844,5.37220573425293,0.0,3.905745029449463,0.012804693542420864,0.5365803241729736
845,5.169898509979248,0.0,3.9055588245391846,0.01275786105543375,0.5163519382476807
846,4.916349411010742,0.0,3.9054765701293945,0.013554939068853855,0.49095723032951355
847,5.211508274078369,0.0,3.9053874015808105,0.013428128324449062,0.5204794406890869
848,5.026756763458252,0.0,3.905261516571045,0.01214394811540842,0.5020684599876404
849,5.286732196807861,0.0,3.905123233795166,0.013768129050731659,0.5279847979545593
850,4.771429061889648,0.0,3.9048473834991455,0.01283730287104845,0.4765010476112366
851,4.94395112991333,0.0,3.9044227600097656,0.012901228852570057,0.49375003576278687
852,5.168192386627197,0.0,3.9037370681762695,0.012909787707030773,0.5161737203598022
853,5.040713310241699,0.0,3.902878999710083,0.01223811600357294,0.5034593939781189
854,5.243452072143555,0.0,3.9018211364746094,0.013467354699969292,0.5236718058586121
855,4.980051517486572,0.0,3.9004554748535156,0.012162706814706326,0.49739697575569153
856,4.759639263153076,0.0,3.8989171981811523,0.012497558258473873,0.47533905506134033
857,4.8863959312438965,0.0,3.8974287509918213,0.013691193424165249,0.4879550635814667
858,5.0008440017700195,0.0,3.89593505859375,0.012851888313889503,0.49944183230400085
859,5.266444206237793,0.0,3.894519567489624,0.012807556428015232,0.5260040163993835
860,5.019459247589111,0.0,3.8933212757110596,0.013947912491858006,0.5012485384941101
861,5.05988073348999,0.0,3.892103433609009,0.014213302172720432,0.5052773952484131
862,5.242511749267578,0.0,3.891021490097046,0.01300324872136116,0.5236009955406189
863,5.144534587860107,0.0,3.8900070190429688,0.012704419903457165,0.5138182044029236
864,5.220647811889648,0.0,3.889042377471924,0.013024114072322845,0.5214135646820068
865,5.5197672843933105,0.0,3.8881630897521973,0.012993507087230682,0.5513270497322083
866,5.740964412689209,0.0,3.8871376514434814,0.012553759850561619,0.5734687447547913
867,4.881796360015869,0.0,3.885862112045288,0.013186054304242134,0.487520307302475
868,5.023028373718262,0.0,3.884446859359741,0.012673722580075264,0.50166916847229
869,5.218043804168701,0.0,3.883118152618408,0.011722883209586143,0.5212182402610779
870,5.278735637664795,0.0,3.88188099861145,0.012915559113025665,0.5272277593612671
871,5.528652191162109,0.0,3.8808891773223877,0.012330497615039349,0.5522487163543701
872,5.054402828216553,0.0,3.8801968097686768,0.013440168462693691,0.5047682523727417
873,4.840225696563721,0.0,3.8798370361328125,0.013282518833875656,0.4833584427833557
874,4.739683151245117,0.0,3.8798487186431885,0.012919500470161438,0.473322331905365
875,4.935182571411133,0.0,3.8801772594451904,0.012302126735448837,0.4929031431674957
876,4.992602825164795,0.0,3.8807106018066406,0.012842273339629173,0.4986181855201721
877,4.97575569152832,0.0,3.8814573287963867,0.012628184631466866,0.4969441294670105
878,4.90994930267334,0.0,3.8824119567871094,0.011766287498176098,0.4904066026210785
879,4.990123748779297,0.0,3.883626937866211,0.011877089738845825,0.49841853976249695
880,5.192871570587158,0.0,3.8849635124206543,0.012352202087640762,0.5186695456504822
881,4.956511974334717,0.0,3.886484146118164,0.010555877350270748,0.49512338638305664
882,4.8581156730651855,0.0,3.8881094455718994,0.011380174197256565,0.4852425456047058
883,4.789187908172607,0.0,3.8895580768585205,0.011441423557698727,0.47834670543670654
884,5.199443340301514,0.0,3.8909149169921875,0.010535658337175846,0.5194175839424133
885,4.794957637786865,0.0,3.892118215560913,0.009480642154812813,0.47902175784111023
886,4.86716365814209,0.0,3.893254518508911,0.010720091871917248,0.4861803352832794
887,4.694668769836426,0.0,3.894111156463623,0.011258428916335106,0.46890395879745483
888,5.101168155670166,0.0,3.894664764404297,0.011962519027292728,0.5095186829566956
889,5.347756862640381,0.0,3.895007371902466,0.0126363979652524,0.53414386510849
890,4.913254261016846,0.0,3.895078420639038,0.012688352726399899,0.4906909763813019
891,4.8769941329956055,0.0,3.8948519229888916,0.012503493577241898,0.48707422614097595
892,5.0162129402160645,0.0,3.894505023956299,0.010175674222409725,0.5011125206947327
893,4.932946681976318,0.0,3.8942158222198486,0.013120287097990513,0.49263861775398254
894,5.095577716827393,0.0,3.8938934803009033,0.011172491125762463,0.5089991688728333
895,5.115046977996826,0.0,3.893613815307617,0.01090285461395979,0.5109595656394958
896,5.348039627075195,0.0,3.8934669494628906,0.011739805340766907,0.5342170000076294
897,4.938801288604736,0.0,3.8934288024902344,0.01151257287710905,0.4933044910430908
898,5.093433380126953,0.0,3.8935623168945312,0.011560794897377491,0.5087653398513794
899,4.811886310577393,0.0,3.893683671951294,0.010916810482740402,0.48064279556274414
900,4.7069783210754395,0.0,3.8937807083129883,0.01147078350186348,0.4701242744922638
901,5.236309051513672,0.0,3.8936538696289062,0.012372824363410473,0.5230122804641724
902,4.941606044769287,0.0,3.893071174621582,0.01153225265443325,0.493584007024765
903,5.158633232116699,0.0,3.892258405685425,0.011436132714152336,0.5152915120124817
904,5.480222225189209,0.0,3.891244888305664,0.012307575903832912,0.5474068522453308
905,4.971253395080566,0.0,3.8900794982910156,0.011434473097324371,0.4965536296367645
906,5.090902328491211,0.0,3.888887643814087,0.01282921340316534,0.5084487795829773
907,5.119287490844727,0.0,3.887882947921753,0.012535755522549152,0.5113019347190857
908,4.948087215423584,0.0,3.8870856761932373,0.012588372454047203,0.49417930841445923
909,5.3424506187438965,0.0,3.8865113258361816,0.012465614825487137,0.5336217880249023
910,4.768880844116211,0.0,3.8862640857696533,0.013305277563631535,0.47622278332710266
911,5.040359973907471,0.0,3.886204719543457,0.012884993106126785,0.5033917427062988
912,4.9110589027404785,0.0,3.886162519454956,0.015584850683808327,0.4903266429901123
913,5.236514568328857,0.0,3.8860960006713867,0.018131466582417488,0.52274489402771
914,5.383620738983154,0.0,3.8859996795654297,0.01567797176539898,0.5375781655311584
915,5.333319664001465,0.0,3.885683298110962,0.01571759395301342,0.5325461030006409
916,4.956410884857178,0.0,3.8853180408477783,0.01824202947318554,0.4947289824485779
917,4.797256946563721,0.0,3.884840726852417,0.016093198210000992,0.4789210259914398
918,5.214641094207764,0.0,3.8845901489257812,0.01606694608926773,0.5206607580184937
919,5.1528425216674805,0.0,3.8844752311706543,0.015137672424316406,0.5145273804664612
920,4.930243968963623,0.0,3.8843932151794434,0.014641829766333103,0.4922923147678375
921,5.282961368560791,0.0,3.8844587802886963,0.015026682056486607,0.5275447964668274
922,4.992167949676514,0.0,3.8847005367279053,0.014727246947586536,0.4984804093837738
923,5.021169185638428,0.0,3.885183334350586,0.014067336916923523,0.5014135241508484
924,5.333734512329102,0.0,3.8855934143066406,0.014941978268325329,0.5326263308525085
925,4.752520561218262,0.0,3.885850667953491,0.013749074190855026,0.4745645821094513
926,5.193569183349609,0.0,3.8857998847961426,0.015876980498433113,0.5185630917549133
927,4.990780353546143,0.0,3.885434865951538,0.014805800281465054,0.4983377456665039
928,4.664987087249756,0.0,3.88481068611145,0.014942169189453125,0.46575161814689636
929,4.876229286193848,0.0,3.8839564323425293,0.014885010197758675,0.4868786633014679
930,5.015099048614502,0.0,3.8828048706054688,0.014176025986671448,0.5008010864257812
931,5.253850936889648,0.0,3.881223440170288,0.015467408113181591,0.5246117115020752
932,4.844806671142578,0.0,3.8791885375976562,0.013184292241930962,0.48382142186164856
933,5.346775531768799,0.0,3.876675605773926,0.01562698744237423,0.5338962078094482
934,4.708759307861328,0.0,3.8734796047210693,0.013515269383788109,0.47020018100738525
935,5.117173194885254,0.0,3.8697283267974854,0.014624767005443573,0.5109860897064209
936,4.714256763458252,0.0,3.865640163421631,0.012686466798186302,0.4707913398742676
937,5.000942707061768,0.0,3.861293315887451,0.014773635193705559,0.49935558438301086
938,5.194486141204834,0.0,3.856905698776245,0.0138833774253726,0.5187544226646423
939,5.182880401611328,0.0,3.8526968955993652,0.013997620902955532,0.5175881385803223
940,4.795237064361572,0.0,3.848733425140381,0.013422660529613495,0.4788525402545929
941,5.005159854888916,0.0,3.845116138458252,0.013651394285261631,0.4998334050178528
942,5.00860071182251,0.0,3.841754198074341,0.012295044958591461,0.5002453327178955
943,4.910167217254639,0.0,3.838738441467285,0.012925485149025917,0.4903704524040222
944,4.632513999938965,0.0,3.8358161449432373,0.013011684641242027,0.46260082721710205
945,5.329542636871338,0.0,3.833043098449707,0.012318127788603306,0.5323383808135986
946,5.301140785217285,0.0,3.8304214477539062,0.01232350803911686,0.5294979214668274
947,5.012732028961182,0.0,3.827958106994629,0.01278539840131998,0.500633955001831
948,5.147336483001709,0.0,3.8255743980407715,0.012718670070171356,0.5140977501869202
949,4.705833435058594,0.0,3.8235297203063965,0.013262790627777576,0.46992021799087524
950,5.004861831665039,0.0,3.821781873703003,0.013483784161508083,0.49981197714805603
951,5.339291095733643,0.0,3.82041597366333,0.013080318458378315,0.5332750678062439
952,4.997262001037598,0.0,3.8193564414978027,0.012618813663721085,0.49909523129463196
953,5.075132369995117,0.0,3.818730115890503,0.0127356993034482,0.5068764686584473
954,5.18387508392334,0.0,3.8182756900787354,0.013776225037872791,0.5176987051963806
955,5.218435764312744,0.0,3.8179757595062256,0.013764450326561928,0.5211553573608398
956,5.07938289642334,0.0,3.8177902698516846,0.013542257249355316,0.5072611570358276
957,5.045068740844727,0.0,3.8176746368408203,0.015131168067455292,0.5037503242492676
958,5.1124138832092285,0.0,3.817423105239868,0.012134112417697906,0.5106346607208252
959,5.2480692863464355,0.0,3.8170552253723145,0.014379073865711689,0.5240879654884338
960,4.463067054748535,0.0,3.816537618637085,0.010720347054302692,0.4457706809043884
961,4.8884711265563965,0.0,3.8160698413848877,0.01257764920592308,0.48821818828582764
962,4.924756050109863,0.0,3.8156790733337402,0.012648346833884716,0.49184319376945496
963,4.5748748779296875,0.0,3.815352201461792,0.011136457324028015,0.45693066716194153
964,5.122693061828613,0.0,3.815089464187622,0.012484158389270306,0.5116450786590576
965,4.37412691116333,0.0,3.8149209022521973,0.012392458505928516,0.43679308891296387
966,5.097104549407959,0.0,3.814788818359375,0.012242238968610764,0.5090983510017395
967,4.950806617736816,0.0,3.814873695373535,0.01278157439082861,0.49444159865379333
968,4.764167308807373,0.0,3.8149380683898926,0.012739765457808971,0.4757797420024872
969,5.224531650543213,0.0,3.815000295639038,0.011045675724744797,0.5219008922576904
970,4.887609004974365,0.0,3.814927101135254,0.012892710976302624,0.4881162643432617
971,5.048286437988281,0.0,3.8145647048950195,0.010730398818850517,0.5042921304702759
972,5.430790901184082,0.0,3.813835859298706,0.011164145544171333,0.5425208806991577
973,5.010984420776367,0.0,3.8127002716064453,0.012207206338644028,0.5004881024360657
974,4.8845295906066895,0.0,3.81128191947937,0.01201626192778349,0.48785215616226196
975,5.335805892944336,0.0,3.8096156120300293,0.012799756601452827,0.5329405665397644
976,4.744713306427002,0.0,3.807753801345825,0.01155381090939045,0.4738936424255371
977,4.597334861755371,0.0,3.8057775497436523,0.011867252178490162,0.4591401219367981
978,5.125018119812012,0.0,3.803609609603882,0.012239599600434303,0.5118898153305054
979,5.472901344299316,0.0,3.8013477325439453,0.0125805689021945,0.5466610789299011
980,5.156031131744385,0.0,3.79900860786438,0.0130129624158144,0.5149524807929993
981,4.812000751495361,0.0,3.7967162132263184,0.01231303159147501,0.48058441281318665
982,5.227228164672852,0.0,3.7945141792297363,0.012293797917664051,0.5221081376075745
983,5.098578453063965,0.0,3.7925779819488525,0.012276550754904747,0.5092440247535706
984,5.213009834289551,0.0,3.7908413410186768,0.013465743511915207,0.5206276774406433
985,5.11638069152832,0.0,3.7890806198120117,0.013321708887815475,0.5109719634056091
986,4.776927471160889,0.0,3.7873804569244385,0.011769136413931847,0.4771042764186859
987,5.211296558380127,0.0,3.785691261291504,0.013719947077333927,0.5204436779022217
988,4.889747619628906,0.0,3.7840664386749268,0.013324940577149391,0.48830854892730713
989,4.47774076461792,0.0,3.782533645629883,0.012617393396794796,0.44714322686195374
990,4.659989356994629,0.0,3.7812180519104004,0.012471992522478104,0.4653753340244293
991,5.067197322845459,0.0,3.779909372329712,0.013305220752954483,0.5060544610023499
992,5.138973712921143,0.0,3.778548240661621,0.014285041950643063,0.5131831169128418
993,5.630007743835449,0.0,3.777031183242798,0.012598740868270397,0.5623708367347717
994,4.791850566864014,0.0,3.7756495475769043,0.01386329811066389,0.4784919023513794
995,5.241293907165527,0.0,3.773935079574585,0.012579835951328278,0.523500382900238
996,4.899580955505371,0.0,3.7722668647766113,0.012956077232956886,0.4893103241920471
997,5.115479469299316,0.0,3.7704238891601562,0.014349633827805519,0.5108304619789124
998,4.930079460144043,0.0,3.7684144973754883,0.012166266329586506,0.492399662733078
999,4.902462005615234,0.0,3.766411304473877,0.011848489753901958,0.4896537661552429
