checkpoint_epoch,feature,mean,std,min,q25,median,q75,max,seed_values
0,u,0.27431176533459467,3.140301937690789e-07,0.2743112112894553,0.2743115472310043,0.274311779805923,0.274311909014211,0.2743125808973092,"[0.2743114438643739, 0.274311779805923, 0.2743120640641567, 0.2743119348558687, 0.2743112112894553, 0.2743117539642653, 0.2743118831725534, 0.2743118573308958, 0.2743116247559772, 0.274312115747472, 0.2743125808973092, 0.274311909014211, 0.2743117022809501, 0.2743112888144282, 0.2743118831725534, 0.2743122707974177, 0.2743115989143196, 0.2743120123808415, 0.2743115472310043, 0.2743118573308958, 0.2743117281226077, 0.2743114955476891, 0.274311779805923, 0.2743114697060315, 0.2743113404977434]"
0,u_x,-0.24835794225709973,2.3481398597041794e-06,-0.2483594366559159,-0.2483593917880571,-0.2483593170082925,-0.2483565501570016,-0.2483519586794539,"[-0.2483559668748375, -0.2483587486820814, -0.2483594366559159, -0.2483589131975636, -0.2483553985486264, -0.2483590029332811, -0.2483587935499402, -0.2483593917880571, -0.2483594366559159, -0.2483519586794539, -0.2483522278866066, -0.24835940674401, -0.2483593917880571, -0.2483565501570016, -0.24835940674401, -0.2483593170082925, -0.2483593469201984, -0.2483593319642454, -0.2483593618761513, -0.248359421699963, -0.248359421699963, -0.2483593618761513, -0.2483591824047162, -0.2483542618962042, -0.2483555181962498]"
0,u_xx,0.001557699569545388,7.240551868057441e-08,0.0015576797913567,0.0015576844511393,0.0015576857455234,0.0015576874282227,0.0015580468786812,"[0.0015576813446176, 0.0015576880754148, 0.0015576892403604, 0.0015576879459764, 0.0015576801796719, 0.0015576857455234, 0.0015576874282227, 0.0015580468786812, 0.0015576844511393, 0.001557681474056, 0.0015576847100162, 0.0015576874282227, 0.0015576858749618, 0.0015576817329328, 0.0015576863927155, 0.0015576865221539, 0.0015576861338387, 0.0015576885931684, 0.0015576857455234, 0.0015576857455234, 0.0015576861338387, 0.0015576848394546, 0.001557685616085, 0.0015576797913567, 0.0015576812151792]"
0,u^2,0.11105791674322511,9.030706880883929e-07,0.1110560139104871,0.1110572687224669,0.1110577504806378,0.1110583666829493,0.1110604281597734,"[0.1110583890903061, 0.1110575600181051, 0.111057672054889, 0.1110575376107483, 0.1110589604779041, 0.1110571902967182, 0.1110577392769594, 0.1110560139104871, 0.111058187424095, 0.1110591173294015, 0.1110604281597734, 0.111057672054889, 0.1110580865909895, 0.1110581314057031, 0.1110577504806378, 0.1110587364043362, 0.1110567197422257, 0.1110580081652408, 0.1110572575187885, 0.1110580641836327, 0.1110572687224669, 0.1110569438157936, 0.1110571678893614, 0.1110583666829493, 0.1110589492742257]"
0,u*u_x,0.05667641090336405,1.1068573840799968e-07,0.056676230384091,0.0566763276466304,0.0566764054566618,0.0566764702983547,0.0566765934975712,"[0.0566765545925555, 0.0566764443616776, 0.0566765351400476, 0.0566765805292327, 0.0566764508458469, 0.056676230384091, 0.0566764508458469, 0.0566763276466304, 0.0566763795199847, 0.0566765740450634, 0.0566765481083862, 0.0566764443616776, 0.0566763924883233, 0.0566764443616776, 0.0566763146782918, 0.0566762887416146, 0.0566763470991382, 0.0566762692891068, 0.0566762433524296, 0.0566762887416146, 0.0566763470991382, 0.0566763470991382, 0.0566764054566618, 0.0566764702983547, 0.0566765934975712]"
0,u*u_xx,0.002325377533890212,1.2434629474954398e-08,0.0023253596748469,0.002325370225061,0.0023253742655686,0.0023253798773846,0.0023254092833005,"[0.0023253798773846, 0.0023253735921506, 0.0023253691026978, 0.002325370225061, 0.0023253994065043, 0.0023253659600809, 0.0023253742655686, 0.0023253596748469, 0.0023253753879318, 0.0023253991820317, 0.0023254092833005, 0.0023253717963695, 0.0023253738166233, 0.0023253798773846, 0.0023253792039667, 0.0023253897541808, 0.0023253623685186, 0.0023253760613497, 0.002325370225061, 0.0023253747145138, 0.0023253713474242, 0.0023253637153544, 0.0023253686537525, 0.0023253890807629, 0.0023253917744346]"
0,u_x^2,-0.0032885712043936167,2.5458557761207778e-08,-0.0032886391570711,-0.0032885762987335,-0.0032885608186952,-0.0032885570659586,-0.0032885469804791,"[-0.0032885856805749, -0.0032885587077808, -0.0032885500295775, -0.0032885605841491, -0.0032886025678895, -0.0032885584732348, -0.0032885584732348, -0.0032885500295775, -0.0032885655096159, -0.0032886391570711, -0.0032886349352424, -0.0032885610532412, -0.0032885608186952, -0.0032885762987335, -0.0032885648059778, -0.0032885624605174, -0.0032885469804791, -0.0032885650405238, -0.0032885558932284, -0.0032885577695967, -0.0032885528441299, -0.0032885570659586, -0.0032885519059458, -0.0032886046788038, -0.0032885983460609]"
0,u_x*u_xx,0.000301768439039448,5.322328053400677e-10,0.000301767303588,0.0003017682129885,0.0003017684403386,0.0003017687326459,0.000301769512132,"[0.0003017692198247, 0.0003017684403386, 0.0003017692847819, 0.000301769512132, 0.0003017679206812, 0.0003017677582882, 0.0003017688300817, 0.0003017683753814, 0.0003017687651245, 0.0003017684728172, 0.0003017686352101, 0.0003017689924746, 0.0003017682129885, 0.0003017686027315, 0.0003017676283739, 0.0003017677258096, 0.0003017684403386, 0.000301767303588, 0.000301767855724, 0.0003017685702529, 0.0003017684403386, 0.0003017683753814, 0.0003017684403386, 0.0003017684403386, 0.0003017687326459]"
0,u_xx^2,1.015180749597853e-05,4.58892662695154e-11,1.0151757574300738e-05,1.0151777812818764e-05,1.0151791305164113e-05,1.015182391166537e-05,1.0151908238823805e-05,"[1.0151801424423123e-05, 1.0151793553888337e-05, 1.0151757574300738e-05, 1.01517721910082e-05, 1.0151904865737464e-05, 1.0151766569197638e-05, 1.0151791305164113e-05, 1.0151777812818764e-05, 1.0151784558991436e-05, 1.0151896995202678e-05, 1.0151908238823805e-05, 1.0151782310267212e-05, 1.0151771066646088e-05, 1.0151812668044246e-05, 1.015182391166537e-05, 1.0151853145080294e-05, 1.0151759823024963e-05, 1.0151789056439884e-05, 1.0151794678250448e-05, 1.0151791305164113e-05, 1.0151799175698898e-05, 1.0151762071749187e-05, 1.0151777812818764e-05, 1.0151866637425644e-05, 1.0151848647631843e-05]"
50,u,-0.4585294115507942,0.0007761773777402823,-0.4586892218969218,-0.4586876056756197,-0.458687484459022,-0.4586871612147616,-0.4548040279144046,"[-0.458687484459022, -0.4586874036479569, -0.4586875652700871, -0.458687484459022, -0.4586556853049038, -0.458684332827483, -0.4586876056756197, -0.4586875652700871, -0.4586873632424244, -0.4586873228368918, -0.4586876864866848, -0.4548040279144046, -0.4586875248645546, -0.4586876056756197, -0.4586876460811522, -0.4586871612147616, -0.4586521700235718, -0.4586873228368918, -0.4586878077032824, -0.4586884541918032, -0.4586892218969218, -0.4586871612147616, -0.4586876056756197, -0.4586870399981639, -0.4586870399981639]"
50,u_x,-0.20667115886950957,1.2260983824421513e-05,-0.2067300007384055,-0.2066687321746496,-0.2066686260818985,-0.2066685907176481,-0.2066685553533978,"[-0.2066685907176481, -0.2066685730355229, -0.2066686260818985, -0.2066687321746496, -0.2066693510490309, -0.2066688559495259, -0.2066685553533978, -0.2066686968103992, -0.2066686083997733, -0.2066686437640237, -0.2066685553533978, -0.2067300007384055, -0.2066686260818985, -0.2066687675388999, -0.2066686437640237, -0.2066685553533978, -0.2066695278702828, -0.2066685907176481, -0.2066686083997733, -0.2066686083997733, -0.2066685907176481, -0.2066687144925244, -0.2066685907176481, -0.2066687852210251, -0.2066685730355229]"
50,u_xx,-0.000775079337052256,5.581187384329442e-06,-0.0007762330009897,-0.0007762209795828,-0.0007762194840968,-0.0007762185637977,-0.0007482920302547,"[-0.0007762210371015, -0.0007762202893585, -0.000776219254022, -0.0007762199442463, -0.000775970485673, -0.000776189229264, -0.0007762212671763, -0.0007762209795828, -0.0007762202318398, -0.0007762188513911, -0.0007761822695021, -0.0007482920302547, -0.000776221497251, -0.0007762197141715, -0.0007762194840968, -0.0007762191965033, -0.0007759317180736, -0.0007762187938724, -0.0007762221299567, -0.0007762262137839, -0.0007762330009897, -0.0007762185637977, -0.0007762208645454, -0.0007762172983864, -0.0007762190814659]"
50,u^2,-0.47784043286793415,0.007150963627550396,-0.4793080432613749,-0.4792953888030284,-0.4792944575225441,-0.4792922662743455,-0.4435177838416919,"[-0.4792952244594136, -0.4792944575225441, -0.4792953888030284, -0.4792944575225441, -0.4790298643025728, -0.4792523855571325, -0.4792956627090532, -0.4792953888030284, -0.4792937453668796, -0.4792932523360349, -0.4792938549292895, -0.4435177838416919, -0.4792958270526682, -0.4792951696782086, -0.4792958270526682, -0.4792928688676002, -0.4790064727280536, -0.479293142773625, -0.4792972513639972, -0.4793046468266672, -0.4793080432613749, -0.4792922662743455, -0.4792952244594136, -0.4792905680569917, -0.4792920471495257]"
50,u*u_x,-0.1370031110443272,0.00046458986234581895,-0.1370976333605061,-0.1370970100584647,-0.1370969261524207,-0.1370967583403327,-0.134773124289975,"[-0.1370969381389984, -0.1370969381389984, -0.137097081977931, -0.1370969261524207, -0.1370860663130083, -0.1370950322731413, -0.1370969860853093, -0.1370970100584647, -0.1370969021792653, -0.1370968782061098, -0.1370968901926876, -0.134773124289975, -0.1370969740987316, -0.1370970220450424, -0.1370971059510865, -0.137096830259799, -0.1370867375613605, -0.1370968662195321, -0.1370971059510865, -0.1370975974007729, -0.1370976333605061, -0.1370967583403327, -0.1370969501255761, -0.1370967223805995, -0.1370966984074441]"
50,u*u_xx,-0.0036071742620859513,0.00011703161131620219,-0.0036312670928677,-0.0036310602820446,-0.0036310437496561,-0.0036310269053356,-0.0030454693539375,"[-0.0036310743189783, -0.0036310537314756, -0.0036310434377242, -0.0036310456212472, -0.0036259408563618, -0.0036303259944467, -0.0036310718235235, -0.0036310599701128, -0.0036310493644296, -0.0036310247218126, -0.0036310459331791, -0.0030454693539375, -0.0036310811814793, -0.0036310437496561, -0.0036310434377242, -0.0036310387587463, -0.0036252680193402, -0.0036310312723817, -0.0036310836769341, -0.0036311813116062, -0.0036312670928677, -0.0036310278411312, -0.0036310602820446, -0.0036309978956727, -0.0036310269053356]"
50,u_x^2,-0.00982150145422684,8.687115325781406e-05,-0.0102384462997323,-0.009803787820642,-0.0098037714283819,-0.0098037583145739,-0.0098035911135213,"[-0.0098037543804315, -0.0098037714283819, -0.0098037714283819, -0.0098037674942395, -0.0098076314777805, -0.0098043569599112, -0.0098037524133603, -0.0098037589702643, -0.0098037792966668, -0.0098037858535708, -0.0098037740511436, -0.0102384462997323, -0.0098037465121467, -0.0098037668385491, -0.0098037648714779, -0.009803787820642, -0.0098082032398113, -0.0098037858535708, -0.0098037347097194, -0.0098036560268711, -0.0098035911135213, -0.0098037884763324, -0.0098037583145739, -0.0098038186380909, -0.0098037838864996]"
50,u_x*u_xx,-0.000517004198407184,1.131038298219576e-05,-0.0005193300303993,-0.0005193118409072,-0.0005193103734623,-0.000519309213157,-0.0004627187684949,"[-0.0005193137519983, -0.0005193116361475, -0.0005193096568031, -0.0005193103734623, -0.0005188256729827, -0.0005192459082644, -0.0005193130012125, -0.0005193116702741, -0.0005193116020208, -0.0005193084964978, -0.0005193109536149, -0.0004627187684949, -0.0005193141615178, -0.0005193097250564, -0.000519309213157, -0.000519310851235, -0.0005187572149695, -0.0005193095885499, -0.0005193134448587, -0.0005193212939828, -0.0005193300303993, -0.0005193095544232, -0.0005193118409072, -0.0005193070631795, -0.00051930948617]"
50,u_xx^2,-6.809702528089516e-06,3.2954942860943356e-07,-6.877675852123423e-06,-6.877075946084029e-06,-6.877028433170473e-06,-6.876994241634548e-06,-5.228020832743735e-06,"[-6.87712923159456e-06, -6.8770617366145545e-06, -6.877009339195866e-06, -6.87703154149192e-06, -6.861496594942542e-06, -6.874909446035025e-06, -6.8771114697577165e-06, -6.877071505624818e-06, -6.877056408063501e-06, -6.876968486971125e-06, -6.877040422410342e-06, -5.228020832743735e-06, -6.877146993431404e-06, -6.877013335609155e-06, -6.877002678507049e-06, -6.877028433170473e-06, -6.859284802209587e-06, -6.876996461864154e-06, -6.877135448237455e-06, -6.877399211514584e-06, -6.877675852123423e-06, -6.876994241634548e-06, -6.877075946084029e-06, -6.876907652679936e-06, -6.876995129726391e-06]"
200,u,0.006523266208723785,7.589273330596704e-05,0.0062930364959648,0.0065188125678531,0.0065188328750583,0.0065188520540855,0.0068129122317535,"[0.0065188176446544, 0.0065188232855447, 0.0065188424645719, 0.006545422339868, 0.0068129122317535, 0.0065149547629475, 0.0065188464131951, 0.0065188576949758, 0.0065188379518596, 0.0065188255419009, 0.0065188261059899, 0.0062930364959648, 0.0065188328750583, 0.0065417557611451, 0.0065188706690236, 0.0065186912887107, 0.0065159368419562, 0.0065188340032364, 0.0065188340032364, 0.0065197342893351, 0.0065178665905426, 0.006518811439675, 0.0065188199010105, 0.0065188520540855, 0.0065188125678531]"
200,u_x,-0.16497384211255944,4.190968166629595e-06,-0.164992953882409,-0.1649729226663796,-0.1649728781195686,-0.1649728335727576,-0.164970918059883,"[-0.1649728335727576, -0.1649728632706316, -0.1649728781195686, -0.1649788176943734, -0.1649740808834666, -0.1649723435578362, -0.1649729226663796, -0.1649728781195686, -0.1649728632706316, -0.1649727890259465, -0.1649727890259465, -0.164992953882409, -0.1649728335727576, -0.164970918059883, -0.1649728781195686, -0.1649728929685056, -0.1649730711557498, -0.1649728484216946, -0.1649728929685056, -0.1649731454004348, -0.1649720168812219, -0.1649728929685056, -0.1649729078174426, -0.1649729375153167, -0.1649728038748835]"
200,u_xx,0.001330154767246112,3.773064238836464e-07,0.0013284658105151,0.0013302125973865,0.0013302128678568,0.0013302130481703,0.0013307726510663,"[0.0013302130481703, 0.0013302128678568, 0.0013302127777, 0.0013307726510663, 0.0013299143588848, 0.0013302314401456, 0.0013302127777, 0.0013302125973865, 0.0013302129580135, 0.0013302129580135, 0.0013302130481703, 0.0013284658105151, 0.0013302127777, 0.0013303729862301, 0.0013302125973865, 0.001330213138327, 0.0013301902385146, 0.0013302123269163, 0.0013302129580135, 0.0013302305385781, 0.0013300730347503, 0.0013302126875433, 0.0013302128678568, 0.0013302128678568, 0.0013302128678568]"
200,u^2,0.02470589086471739,0.0015787659886352607,0.018211434013824,0.0247421100290891,0.0247424407567766,0.0247425582881036,0.0285355046723021,"[0.024742178361256, 0.0247421892944027, 0.0247425090889435, 0.0262760469100216, 0.0285355046723021, 0.0247199184745863, 0.0247425008890834, 0.0247421810945426, 0.0247425528215302, 0.0247425582881036, 0.0247421100290891, 0.018211434013824, 0.0247423888243298, 0.0253614837224688, 0.0247427933507575, 0.0247405848551253, 0.0246525511579426, 0.0247423778911831, 0.0247427605513174, 0.0247864084062078, 0.0244848038882118, 0.0247425118222301, 0.0247424762895034, 0.0247424407567766, 0.0247420061641955]"
200,u*u_x,-0.015738852247376173,0.00016849398783410531,-0.0162577414524069,-0.0157413459563978,-0.0157413245961391,-0.0157412560184664,-0.0151004538789654,"[-0.0157412740060527, -0.0157412560184664, -0.0157412964905355, -0.0157439372930438, -0.0162577414524069, -0.01573808907906, -0.0157413335899322, -0.0157413245961391, -0.0157413605713116, -0.0157413515775185, -0.0157413425837253, -0.0151004538789654, -0.0157413290930356, -0.0158041563591801, -0.0157413290930356, -0.0157410930059659, -0.0157334269215454, -0.0157413459563978, -0.0157413290930356, -0.0157406894094992, -0.0157507354764271, -0.0157412987389838, -0.0157412459004492, -0.0157412773787251, -0.0157412886209665]"
200,u*u_xx,0.0006631666250863241,1.614376369592074e-05,0.0005978867836519,0.0006635443197938,0.0006635468863075,0.0006635493982145,0.0007058570112299,"[0.0006635447566472, 0.0006635443197938, 0.0006635468863075, 0.0006741581098561, 0.0007058570112299, 0.0006633814280845, 0.0006635484152943, 0.0006635452481072, 0.0006635499442812, 0.0006635491797878, 0.0006635452481072, 0.0005978867836519, 0.0006635478146209, 0.0006697771802003, 0.0006635493982145, 0.0006635292483517, 0.0006626448386554, 0.0006635485791144, 0.0006635495620345, 0.0006638207933855, 0.0006613572132764, 0.0006635480876543, 0.0006635459033873, 0.0006635463402407, 0.0006635433368736]"
200,u_x^2,-0.011191011251500073,3.471213207804933e-05,-0.011335207996408,-0.0111877116178002,-0.0111877042193524,-0.0111876940464868,-0.0111030336091948,"[-0.011187689422457, -0.0111876958960988, -0.0111877042193524, -0.0112010917105069, -0.011335207996408, -0.0111851508300821, -0.0111877042193524, -0.0111877116178002, -0.0111876949712928, -0.0111876968209047, -0.0111876940464868, -0.0111030336091948, -0.0111877005201286, -0.0111964658310682, -0.01118771624183, -0.0111876552046363, -0.0111865130692691, -0.0111877116178002, -0.0111877032945465, -0.0111881379533502, -0.0111887927159737, -0.0111877060689644, -0.0111877051441584, -0.0111877088433823, -0.011187689422457]"
200,u_x*u_xx,0.0006453045202710681,1.2311023169227491e-06,0.0006394526268509,0.0006455127909363,0.0006455130155382,0.0006455133299809,0.0006460947794314,"[0.0006455131502993, 0.0006455131952197, 0.0006455130155382, 0.0006460947794314, 0.0006394526268509, 0.0006456187132017, 0.0006455127909363, 0.0006455122069713, 0.0006455133299809, 0.000645512880777, 0.0006455130155382, 0.0006460449178052, 0.0006455128358567, 0.0006454193116172, 0.0006455123866528, 0.0006455140936274, 0.0006455222691373, 0.000645512521414, 0.0006455132401401, 0.0006455294563987, 0.0006452105665927, 0.000645512880777, 0.0006455131502993, 0.0006455128358567, 0.0006455128358567]"
200,u_xx^2,-8.940161553086248e-06,8.461778847598676e-08,-9.128497943856578e-06,-8.94918007417447e-06,-8.949164800823358e-06,-8.949138072458913e-06,-8.573503638784053e-06,"[-8.9491849834659e-06, -8.94918007417447e-06, -8.949164800823358e-06, -8.93619336191481e-06, -8.573503638784053e-06, -8.95492612705347e-06, -8.949157164147802e-06, -8.949138072458913e-06, -8.94917898322082e-06, -8.949165891777009e-06, -8.94918007417447e-06, -9.128497943856578e-06, -8.94916098248558e-06, -8.930320758412311e-06, -8.949131526737008e-06, -8.949262986651934e-06, -8.951810363426657e-06, -8.949139163412563e-06, -8.949169710114787e-06, -8.94876769369445e-06, -8.944150777844074e-06, -8.94915389128685e-06, -8.94916698273066e-06, -8.949153345810024e-06, -8.949179528697645e-06]"
500,u,0.010501253695840368,1.6283087869315532e-05,0.0104868326446703,0.0104894493047615,0.0104942828743572,0.0105046300770469,0.0105413778809927,"[0.0105073552060474, 0.010491434651426, 0.0104886181160413, 0.0105315839916153, 0.0105413778809927, 0.0104868326446703, 0.0104919136208791, 0.0104887424287238, 0.0104889703353084, 0.0105017526040728, 0.0104984790367672, 0.0105409476616111, 0.0104890008041031, 0.0105238022614417, 0.0104894493047615, 0.0104942828743572, 0.0105046300770469, 0.01048955046116, 0.0104886254285521, 0.0105016685101993, 0.0105071151119449, 0.0104915784641371, 0.0104932444978329, 0.0104985960369389, 0.0105017903853782]"
500,u_x,-0.16369110989964683,4.857939364737883e-05,-0.1637418453087206,-0.1637362738225908,-0.1637047754511582,-0.1636602035621203,-0.1635766143355659,"[-0.1637029126442456, -0.1637262654690873, -0.1637409477744808, -0.1635766143355659, -0.163623878827323, -0.1637280097337419, -0.1637065366504211, -0.1637372560298721, -0.1637398978287664, -0.1636669604708308, -0.1636828790026301, -0.163627181075941, -0.1637373407029136, -0.163618290406585, -0.1637370866837891, -0.163696325081618, -0.1636428625232241, -0.1637362738225908, -0.1637418453087206, -0.1636602035621203, -0.1636274350950654, -0.1637274170224515, -0.163719237606644, -0.1637047754511582, -0.1636693143813841]"
500,u_xx,0.002035162432943868,1.2561318150572059e-06,0.0020340820872951,0.0020341922768491,0.0020347019998562,0.0020356686627623,0.0020384024681671,"[0.0020349254611896, 0.0020344130412354, 0.0020340903065625, 0.0020384024681671, 0.0020347019998562, 0.0020343750271235, 0.0020346501157305, 0.0020341292196568, 0.0020341307607694, 0.0020356361709707, 0.0020353443869767, 0.0020379340983493, 0.0020341698022897, 0.0020378576848473, 0.0020341587576491, 0.0020348514877827, 0.0020358903261309, 0.0020341922768491, 0.0020340820872951, 0.0020356686627623, 0.0020359524843409, 0.0020343706606377, 0.0020343479292262, 0.0020351021754395, 0.0020356834317585]"
500,u^2,-0.07198272140808318,0.0003045798188602289,-0.0722644453803394,-0.0722121266467291,-0.0720833553215341,-0.0718731362128979,-0.07120456518941,"[-0.072049275736734, -0.0721667871466964, -0.0722414470832213, -0.07120456518941, -0.0717740425792961, -0.0722076035419699, -0.0721369435866636, -0.0722346209589727, -0.0722315651519492, -0.0718940420158537, -0.0719553304043178, -0.0713051771571905, -0.0722256449245635, -0.0713371514887177, -0.0722644453803394, -0.0720833553215341, -0.0718418253551294, -0.0722121266467291, -0.0722427548920727, -0.0719178186187272, -0.0718501379157798, -0.0721713740470092, -0.0721556101656836, -0.0719912536806206, -0.0718731362128979]"
500,u*u_x,-0.0518648854207341,0.00031031394094129704,-0.052530570057499,-0.0520096635465388,-0.0517782689650923,-0.0516083989928247,-0.0515592347081013,"[-0.0517782689650923, -0.0516494689548096, -0.0515622098287793, -0.052530570057499, -0.0524801038112126, -0.0516083989928247, -0.051723702924948, -0.0515775895960085, -0.0515693955485546, -0.0519854193601573, -0.0518890797447579, -0.0523586723493503, -0.0515790577654306, -0.0523643234165598, -0.0516147148914707, -0.0517893771903425, -0.0520929059826408, -0.0515926203267336, -0.0515592347081013, -0.0520096635465388, -0.0521812343792313, -0.0516470312395427, -0.0517018853733095, -0.0518041752300649, -0.051973031334392]"
500,u*u_xx,0.000795066857799972,6.715142948498948e-06,0.0007895486925395,0.0007901641337923,0.0007933336898567,0.00079684794008,0.0008132432648045,"[0.0007933771337573, 0.0007910189786674, 0.000789595917824, 0.0008121354033248, 0.0007964184588889, 0.0007901641337923, 0.0007923899404424, 0.0007898106164042, 0.0007897769200713, 0.0007965121531812, 0.0007952317765606, 0.0008132432648045, 0.0007900049795415, 0.0008070601137577, 0.0007903893362169, 0.0007933336898567, 0.0007984695655984, 0.0007900025426496, 0.0007895486925395, 0.0007969078540086, 0.0007988045962204, 0.0007908151200547, 0.0007907029389962, 0.0007941093777602, 0.00079684794008]"
500,u_x^2,-0.009194598213667061,5.835969353595916e-06,-0.0092066177294184,-0.0091977876333138,-0.0091954559153873,-0.0091911828032212,-0.0091820249314473,"[-0.0091945898659124, -0.0091973395729952, -0.0091985652735715, -0.0091820249314473, -0.0092066177294184, -0.0091954559153873, -0.0091918684257222, -0.0091976787757062, -0.0091985219710978, -0.0091909807250104, -0.009192277994953, -0.009195169637922, -0.0091977876333138, -0.0091929720373794, -0.009203742324877, -0.0091911828032212, -0.0091851360939013, -0.0091983722167094, -0.0091988292983767, -0.0091883188257215, -0.009183231987903, -0.0091977443308401, -0.0091976992240966, -0.00919772207818, -0.0091911256680128]"
500,u_x*u_xx,0.00028001560404600803,2.2966777326137004e-06,0.0002709784361886,0.0002794739916553,0.0002806798053691,0.0002815925304922,0.0002818306136611,"[0.0002806899672331, 0.0002812776039281, 0.0002817033258244, 0.0002772252459544, 0.0002709784361886, 0.0002818306136611, 0.0002808374146025, 0.0002815925304922, 0.000281686085319, 0.0002796033228112, 0.0002801589049371, 0.0002788770140728, 0.0002816420444938, 0.0002787043353606, 0.0002817456517211, 0.0002804143745627, 0.0002786756924047, 0.0002815183142216, 0.0002817254374566, 0.0002794739916553, 0.0002778921889739, 0.0002812140238635, 0.0002805164675445, 0.0002806798053691, 0.0002797273084983]"
500,u_xx^2,-2.125252253698469e-06,4.5096724512672794e-08,-2.15883853075946e-06,-2.1550294676033784e-06,-2.137777238107625e-06,-2.1198914791290454e-06,-1.945764399617832e-06,"[-2.139477072837044e-06, -2.149439631795308e-06, -2.156719755808596e-06, -2.0692147930752743e-06, -1.945764399617832e-06, -2.15883853075946e-06, -2.143096173997073e-06, -2.1550294676033784e-06, -2.1563557426901607e-06, -2.1213248413133837e-06, -2.130656914608131e-06, -2.085774692033341e-06, -2.1557258104483373e-06, -2.098706773439717e-06, -2.1558560029015677e-06, -2.135647394722905e-06, -2.105369278843848e-06, -2.1535093565686952e-06, -2.1570314705770627e-06, -2.1198914791290454e-06, -2.092851571929952e-06, -2.148235662902633e-06, -2.136225858747299e-06, -2.137777238107625e-06, -2.1227864280040536e-06]"
1000,u,-0.036591020440289876,0.0002875615559902885,-0.0379712075096108,-0.0365324045423123,-0.036532384251507,-0.0365323752333713,-0.0365323617061677,"[-0.0365323887605748, -0.0365323910151087, -0.0365323932696426, -0.0365418893665214, -0.0365331282477012, -0.0379712075096108, -0.036532381996973, -0.0365323774879052, -0.0365323752333713, -0.0365323617061677, -0.0365323752333713, -0.0365482178432399, -0.0365323752333713, -0.0365326886135864, -0.0365323774879052, -0.0365323729788373, -0.0365323752333713, -0.036532384251507, -0.0365323865060409, -0.036532384251507, -0.0365331350113029, -0.0365323865060409, -0.0365323729788373, -0.0365323797424391, -0.0365324045423123]"
1000,u_x,-0.14634700975027254,0.0002872775102179777,-0.1464053682080349,-0.1464053147303107,-0.1464052879914487,-0.1464051721230464,-0.1449681543717932,"[-0.1464052345137245, -0.1464053236432647, -0.1464052879914487, -0.1464026675829658, -0.1464042897405981, -0.1449681543717932, -0.1464052612525866, -0.1464053147303107, -0.1464053325562188, -0.1464052612525866, -0.1464052434266785, -0.1463901894473334, -0.1464053236432647, -0.1464047888660234, -0.1464053058173567, -0.1464053147303107, -0.1464053325562188, -0.1464053147303107, -0.1464053058173567, -0.1464053682080349, -0.1464045749551268, -0.1464053147303107, -0.1464052969044027, -0.1464052701655406, -0.1464051721230464]"
1000,u_xx,0.0028519294887584686,5.30773905674447e-06,0.002850313585651,0.0028509099532981,0.0028509103025617,0.0028509106518254,0.0028773972337873,"[0.0028509099532981, 0.0028509104771935, 0.0028509106518254, 0.002850313585651, 0.0028509253208978, 0.0028773972337873, 0.0028509103025617, 0.0028509103025617, 0.0028509096040345, 0.0028509108264572, 0.0028509103025617, 0.002850480359034, 0.0028509099532981, 0.0028509068099254, 0.0028509111757208, 0.0028509103025617, 0.0028509101279299, 0.0028509097786663, 0.0028509101279299, 0.0028509092547708, 0.0028509190341525, 0.0028509108264572, 0.0028509101279299, 0.0028509101279299, 0.0028509106518254]"
1000,u^2,-0.07609567771730977,4.522734545248836e-05,-0.0763018517656598,-0.0760828705672939,-0.0760828214475675,-0.0760827996165779,-0.0760827777855884,"[-0.0760828651095466, -0.0760827832433358, -0.0760828214475675, -0.0761255774405889, -0.0760830615884524, -0.0763018517656598, -0.0760828323630622, -0.0760828105320727, -0.0760828323630622, -0.0760827887010831, -0.0760827941588305, -0.0761413121263025, -0.0760828159898201, -0.0760837110603914, -0.0760827887010831, -0.0760828105320727, -0.0760827777855884, -0.0760828269053149, -0.0760828159898201, -0.0760827941588305, -0.0760829688067469, -0.0760827996165779, -0.0760827996165779, -0.0760828323630622, -0.0760828705672939]"
1000,u*u_x,-0.0841667878539214,0.0013317864963048075,-0.0844376890521174,-0.0844375326234651,-0.0844375056530078,-0.0844374517120932,-0.0777745944247361,"[-0.0844374517120932, -0.0844374571061847, -0.084437484076642, -0.084370489460722, -0.0844348463659186, -0.0777745944247361, -0.0844375326234651, -0.0844375380175566, -0.0844375272293736, -0.0844376243230199, -0.0844375272293736, -0.084405362262004, -0.0844375218352822, -0.0844376890521174, -0.0844375218352822, -0.0844375380175566, -0.0844375380175566, -0.0844374678943676, -0.0844374678943676, -0.0844374193475445, -0.0844340210699253, -0.0844375056530078, -0.0844375649880139, -0.0844375110470993, -0.0844374948648249]"
1000,u*u_xx,0.001757972598329024,9.63474228575854e-06,0.0017120431309185,0.0017601652111267,0.0017601674305459,0.0017601684874121,0.0017601720807574,"[0.0017601660566197, 0.0017601686987854, 0.0017601652111267, 0.0017592024059606, 0.001760132025526, 0.0017120431309185, 0.0017601661623064, 0.0017601677476058, 0.0017601680646656, 0.0017601720807574, 0.0017601712352644, 0.0017545627630633, 0.001760167958979, 0.0017600380701152, 0.0017601684874121, 0.0017601674305459, 0.0017601681703523, 0.0017601661623064, 0.001760168804472, 0.0017601663736796, 0.0017601432283084, 0.0017601670077994, 0.0017601709182045, 0.0017601684874121, 0.0017601682760389]"
1000,u_x^2,-0.00582385379185812,0.00011676344088787823,-0.0058474436562688,-0.0058474343267067,-0.0058474296619256,-0.005847401006842,-0.0052633980748432,"[-0.0058474229979527, -0.0058474336603094, -0.0058474296619256, -0.005844995979012, -0.0058471197871844, -0.0052633980748432, -0.0058474263299392, -0.0058474356595013, -0.0058474383250904, -0.0058474289955283, -0.0058474249971446, -0.0058451132649355, -0.0058474376586931, -0.0058473856797043, -0.0058474329939121, -0.0058474376586931, -0.0058474409906796, -0.0058474343267067, -0.0058474309947202, -0.0058474436562688, -0.005847137113514, -0.0058474336603094, -0.0058474336603094, -0.0058474276627337, -0.005847401006842]"
1000,u_x*u_xx,9.486625030598985e-05,3.00698244523967e-05,8.880299019571993e-05,8.880425670008195e-05,8.880519025742097e-05,8.880576475424498e-05,0.000239199821746,"[8.880520331416698e-05, 8.880553626118998e-05, 8.880530123976198e-05, 8.939359251592233e-05, 8.887191022948227e-05, 0.000239199821746, 8.880425670008195e-05, 8.880430239869296e-05, 8.880394333817794e-05, 8.880299019571993e-05, 8.880438073916895e-05, 8.922301918617504e-05, 8.880389763956695e-05, 8.880612381475999e-05, 8.880521637091297e-05, 8.880388458282094e-05, 8.880387152607495e-05, 8.880443296615296e-05, 8.880519025742097e-05, 8.880457659035895e-05, 8.887586642352034e-05, 8.880525554115097e-05, 8.880344718182993e-05, 8.880447213639096e-05, 8.880576475424498e-05]"
1000,u_xx^2,8.79880338393161e-07,7.487543515848848e-07,-2.71404876981301e-06,1.031320676204397e-06,1.03135713073517e-06,1.0313772127047538e-06,1.0314095101399124e-06,"[1.031345746688718e-06, 1.0313500956502838e-06, 1.0313433803419834e-06, 1.016970957741019e-06, 1.0295467475727164e-06, -2.71404876981301e-06, 1.0313665961221076e-06, 1.0313753580005565e-06, 1.0313877013767657e-06, 1.0314095101399124e-06, 1.031376061509045e-06, 1.0080057013834848e-06, 1.0313884688405714e-06, 1.0309765326428336e-06, 1.031353229460824e-06, 1.0313863583151056e-06, 1.0313907072766715e-06, 1.0313713927708931e-06, 1.03135713073517e-06, 1.0313772127047538e-06, 1.029536003079436e-06, 1.0313504154268697e-06, 1.031401835501855e-06, 1.031369410156062e-06, 1.031320676204397e-06]"
